support,itemsets
0.38990825688073394,frozenset({'Action'})
0.26146788990825687,frozenset({'Adventure'})
0.11009174311926606,frozenset({'Animation'})
0.22018348623853212,frozenset({'Comedy'})
0.13761467889908258,frozenset({'Crime'})
0.2706422018348624,frozenset({'Drama'})
0.07339449541284404,frozenset({'Family'})
0.1651376146788991,frozenset({'Fantasy'})
0.5,frozenset({'HighBudget'})
0.44036697247706424,frozenset({'HighRating'})
0.5091743119266054,frozenset({'HighRevenue'})
0.16055045871559634,frozenset({'Horror'})
0.5045871559633027,frozenset({'LongRuntime'})
0.5,frozenset({'LowBudget'})
0.5596330275229358,frozenset({'LowRating'})
0.4908256880733945,frozenset({'LowRevenue'})
0.12844036697247707,frozenset({'Mystery'})
0.7981651376146789,frozenset({'NonSummerRelease'})
0.7477064220183486,frozenset({'NotPopularTop25'})
0.25229357798165136,frozenset({'PopularTop25'})
0.10091743119266056,frozenset({'Romance'})
0.21559633027522937,frozenset({'Science Fiction'})
0.4954128440366973,frozenset({'ShortRuntime'})
0.2018348623853211,frozenset({'SummerRelease'})
0.3394495412844037,frozenset({'Thriller'})
0.14220183486238533,"frozenset({'Action', 'Adventure'})"
0.08256880733944955,"frozenset({'Action', 'Crime'})"
0.21559633027522937,"frozenset({'Action', 'HighBudget'})"
0.20642201834862386,"frozenset({'HighRating', 'Action'})"
0.22935779816513763,"frozenset({'HighRevenue', 'Action'})"
0.24770642201834864,"frozenset({'Action', 'LongRuntime'})"
0.1743119266055046,"frozenset({'LowBudget', 'Action'})"
0.1834862385321101,"frozenset({'Action', 'LowRating'})"
0.16055045871559634,"frozenset({'Action', 'LowRevenue'})"
0.2889908256880734,"frozenset({'Action', 'NonSummerRelease'})"
0.2706422018348624,"frozenset({'Action', 'NotPopularTop25'})"
0.11926605504587157,"frozenset({'Action', 'PopularTop25'})"
0.13302752293577982,"frozenset({'Action', 'Science Fiction'})"
0.14220183486238533,"frozenset({'Action', 'ShortRuntime'})"
0.10091743119266056,"frozenset({'SummerRelease', 'Action'})"
0.1559633027522936,"frozenset({'Action', 'Thriller'})"
0.0779816513761468,"frozenset({'Fantasy', 'Adventure'})"
0.22018348623853212,"frozenset({'HighBudget', 'Adventure'})"
0.1651376146788991,"frozenset({'HighRating', 'Adventure'})"
0.2018348623853211,"frozenset({'HighRevenue', 'Adventure'})"
0.16972477064220184,"frozenset({'Adventure', 'LongRuntime'})"
0.0963302752293578,"frozenset({'LowRating', 'Adventure'})"
0.20642201834862386,"frozenset({'NonSummerRelease', 'Adventure'})"
0.18807339449541285,"frozenset({'Adventure', 'NotPopularTop25'})"
0.07339449541284404,"frozenset({'PopularTop25', 'Adventure'})"
0.12844036697247707,"frozenset({'Adventure', 'Science Fiction'})"
0.09174311926605505,"frozenset({'ShortRuntime', 'Adventure'})"
0.0779816513761468,"frozenset({'HighBudget', 'Animation'})"
0.09174311926605505,"frozenset({'HighRating', 'Animation'})"
0.0871559633027523,"frozenset({'HighRevenue', 'Animation'})"
0.07339449541284404,"frozenset({'NonSummerRelease', 'Animation'})"
0.0779816513761468,"frozenset({'Animation', 'ShortRuntime'})"
0.0871559633027523,"frozenset({'HighBudget', 'Comedy'})"
0.11009174311926606,"frozenset({'HighRating', 'Comedy'})"
0.10091743119266056,"frozenset({'HighRevenue', 'Comedy'})"
0.07339449541284404,"frozenset({'Comedy', 'LongRuntime'})"
0.13302752293577982,"frozenset({'LowBudget', 'Comedy'})"
0.11009174311926606,"frozenset({'LowRating', 'Comedy'})"
0.11926605504587157,"frozenset({'Comedy', 'LowRevenue'})"
0.1743119266055046,"frozenset({'NonSummerRelease', 'Comedy'})"
0.16972477064220184,"frozenset({'Comedy', 'NotPopularTop25'})"
0.14678899082568808,"frozenset({'Comedy', 'ShortRuntime'})"
0.08256880733944955,"frozenset({'HighRevenue', 'Crime'})"
0.0779816513761468,"frozenset({'Crime', 'LongRuntime'})"
0.07339449541284404,"frozenset({'LowBudget', 'Crime'})"
0.0779816513761468,"frozenset({'LowRating', 'Crime'})"
0.0963302752293578,"frozenset({'NonSummerRelease', 'Crime'})"
0.09174311926605505,"frozenset({'Crime', 'NotPopularTop25'})"
0.10091743119266056,"frozenset({'Thriller', 'Crime'})"
0.08256880733944955,"frozenset({'HighBudget', 'Drama'})"
0.13302752293577982,"frozenset({'HighRating', 'Drama'})"
0.10550458715596331,"frozenset({'HighRevenue', 'Drama'})"
0.19724770642201836,"frozenset({'Drama', 'LongRuntime'})"
0.18807339449541285,"frozenset({'LowBudget', 'Drama'})"
0.13761467889908258,"frozenset({'LowRating', 'Drama'})"
0.1651376146788991,"frozenset({'LowRevenue', 'Drama'})"
0.22477064220183487,"frozenset({'NonSummerRelease', 'Drama'})"
0.22018348623853212,"frozenset({'Drama', 'NotPopularTop25'})"
0.07339449541284404,"frozenset({'Drama', 'ShortRuntime'})"
0.11009174311926606,"frozenset({'HighBudget', 'Fantasy'})"
0.11467889908256881,"frozenset({'HighRating', 'Fantasy'})"
0.11926605504587157,"frozenset({'HighRevenue', 'Fantasy'})"
0.0963302752293578,"frozenset({'Fantasy', 'LongRuntime'})"
0.11467889908256881,"frozenset({'NonSummerRelease', 'Fantasy'})"
0.11467889908256881,"frozenset({'Fantasy', 'NotPopularTop25'})"
0.3211009174311927,"frozenset({'HighRating', 'HighBudget'})"
0.44036697247706424,"frozenset({'HighRevenue', 'HighBudget'})"
0.0779816513761468,"frozenset({'Horror', 'HighBudget'})"
0.3532110091743119,"frozenset({'HighBudget', 'LongRuntime'})"
0.17889908256880735,"frozenset({'LowRating', 'HighBudget'})"
0.3944954128440367,"frozenset({'HighBudget', 'NonSummerRelease'})"
0.3302752293577982,"frozenset({'HighBudget', 'NotPopularTop25'})"
0.16972477064220184,"frozenset({'HighBudget', 'PopularTop25'})"
0.1651376146788991,"frozenset({'HighBudget', 'Science Fiction'})"
0.14678899082568808,"frozenset({'HighBudget', 'ShortRuntime'})"
0.10550458715596331,"frozenset({'SummerRelease', 'HighBudget'})"
0.16972477064220184,"frozenset({'HighBudget', 'Thriller'})"
0.3440366972477064,"frozenset({'HighRating', 'HighRevenue'})"
0.3394495412844037,"frozenset({'HighRating', 'LongRuntime'})"
0.11926605504587157,"frozenset({'HighRating', 'LowBudget'})"
0.0963302752293578,"frozenset({'HighRating', 'LowRevenue'})"
0.3302752293577982,"frozenset({'HighRating', 'NonSummerRelease'})"
0.3394495412844037,"frozenset({'HighRating', 'NotPopularTop25'})"
0.10091743119266056,"frozenset({'HighRating', 'PopularTop25'})"
0.11467889908256881,"frozenset({'HighRating', 'Science Fiction'})"
0.10091743119266056,"frozenset({'HighRating', 'ShortRuntime'})"
0.11009174311926606,"frozenset({'HighRating', 'SummerRelease'})"
0.12844036697247707,"frozenset({'HighRating', 'Thriller'})"
0.07339449541284404,"frozenset({'HighRevenue', 'Horror'})"
0.37155963302752293,"frozenset({'HighRevenue', 'LongRuntime'})"
0.1651376146788991,"frozenset({'HighRevenue', 'LowRating'})"
0.38990825688073394,"frozenset({'HighRevenue', 'NonSummerRelease'})"
0.3669724770642202,"frozenset({'HighRevenue', 'NotPopularTop25'})"
0.14220183486238533,"frozenset({'HighRevenue', 'PopularTop25'})"
0.13761467889908258,"frozenset({'HighRevenue', 'Science Fiction'})"
0.13761467889908258,"frozenset({'HighRevenue', 'ShortRuntime'})"
0.11926605504587157,"frozenset({'HighRevenue', 'SummerRelease'})"
0.1651376146788991,"frozenset({'HighRevenue', 'Thriller'})"
0.08256880733944955,"frozenset({'LowBudget', 'Horror'})"
0.13302752293577982,"frozenset({'Horror', 'LowRating'})"
0.0871559633027523,"frozenset({'Horror', 'LowRevenue'})"
0.13302752293577982,"frozenset({'Horror', 'NonSummerRelease'})"
0.10550458715596331,"frozenset({'Horror', 'NotPopularTop25'})"
0.11467889908256881,"frozenset({'Horror', 'ShortRuntime'})"
0.15137614678899083,"frozenset({'LowBudget', 'LongRuntime'})"
0.1651376146788991,"frozenset({'LowRating', 'LongRuntime'})"
0.13302752293577982,"frozenset({'LowRevenue', 'LongRuntime'})"
0.3853211009174312,"frozenset({'NonSummerRelease', 'LongRuntime'})"
0.38990825688073394,"frozenset({'LongRuntime', 'NotPopularTop25'})"
0.11467889908256881,"frozenset({'PopularTop25', 'LongRuntime'})"
0.13761467889908258,"frozenset({'LongRuntime', 'Science Fiction'})"
0.11926605504587157,"frozenset({'SummerRelease', 'LongRuntime'})"
0.1651376146788991,"frozenset({'Thriller', 'LongRuntime'})"
0.38073394495412843,"frozenset({'LowBudget', 'LowRating'})"
0.43119266055045874,"frozenset({'LowBudget', 'LowRevenue'})"
0.4036697247706422,"frozenset({'LowBudget', 'NonSummerRelease'})"
0.41743119266055045,"frozenset({'LowBudget', 'NotPopularTop25'})"
0.08256880733944955,"frozenset({'LowBudget', 'PopularTop25'})"
0.3486238532110092,"frozenset({'LowBudget', 'ShortRuntime'})"
0.0963302752293578,"frozenset({'LowBudget', 'SummerRelease'})"
0.16972477064220184,"frozenset({'LowBudget', 'Thriller'})"
0.3944954128440367,"frozenset({'LowRating', 'LowRevenue'})"
0.10091743119266056,"frozenset({'LowRating', 'Mystery'})"
0.46788990825688076,"frozenset({'LowRating', 'NonSummerRelease'})"
0.40825688073394495,"frozenset({'LowRating', 'NotPopularTop25'})"
0.15137614678899083,"frozenset({'LowRating', 'PopularTop25'})"
0.10091743119266056,"frozenset({'LowRating', 'Science Fiction'})"
0.3944954128440367,"frozenset({'LowRating', 'ShortRuntime'})"
0.09174311926605505,"frozenset({'SummerRelease', 'LowRating'})"
0.21100917431192662,"frozenset({'LowRating', 'Thriller'})"
0.40825688073394495,"frozenset({'NonSummerRelease', 'LowRevenue'})"
0.38073394495412843,"frozenset({'LowRevenue', 'NotPopularTop25'})"
0.11009174311926606,"frozenset({'LowRevenue', 'PopularTop25'})"
0.0779816513761468,"frozenset({'LowRevenue', 'Science Fiction'})"
0.3577981651376147,"frozenset({'LowRevenue', 'ShortRuntime'})"
0.08256880733944955,"frozenset({'SummerRelease', 'LowRevenue'})"
0.1743119266055046,"frozenset({'Thriller', 'LowRevenue'})"
0.11009174311926606,"frozenset({'NonSummerRelease', 'Mystery'})"
0.08256880733944955,"frozenset({'Mystery', 'NotPopularTop25'})"
0.0871559633027523,"frozenset({'Mystery', 'ShortRuntime'})"
0.6009174311926605,"frozenset({'NonSummerRelease', 'NotPopularTop25'})"
0.19724770642201836,"frozenset({'NonSummerRelease', 'PopularTop25'})"
0.09174311926605505,"frozenset({'NonSummerRelease', 'Romance'})"
0.1743119266055046,"frozenset({'NonSummerRelease', 'Science Fiction'})"
0.41284403669724773,"frozenset({'NonSummerRelease', 'ShortRuntime'})"
0.25688073394495414,"frozenset({'Thriller', 'NonSummerRelease'})"
0.0963302752293578,"frozenset({'Romance', 'NotPopularTop25'})"
0.13761467889908258,"frozenset({'NotPopularTop25', 'Science Fiction'})"
0.3577981651376147,"frozenset({'ShortRuntime', 'NotPopularTop25'})"
0.14678899082568808,"frozenset({'SummerRelease', 'NotPopularTop25'})"
0.22018348623853212,"frozenset({'Thriller', 'NotPopularTop25'})"
0.0779816513761468,"frozenset({'PopularTop25', 'Science Fiction'})"
0.13761467889908258,"frozenset({'PopularTop25', 'ShortRuntime'})"
0.11926605504587157,"frozenset({'Thriller', 'PopularTop25'})"
0.0779816513761468,"frozenset({'ShortRuntime', 'Science Fiction'})"
0.08256880733944955,"frozenset({'SummerRelease', 'ShortRuntime'})"
0.1743119266055046,"frozenset({'Thriller', 'ShortRuntime'})"
0.08256880733944955,"frozenset({'SummerRelease', 'Thriller'})"
0.12385321100917432,"frozenset({'Action', 'Adventure', 'HighBudget'})"
0.11009174311926606,"frozenset({'HighRating', 'Action', 'Adventure'})"
0.12844036697247707,"frozenset({'HighRevenue', 'Action', 'Adventure'})"
0.13302752293577982,"frozenset({'Action', 'Adventure', 'LongRuntime'})"
0.10091743119266056,"frozenset({'Action', 'NonSummerRelease', 'Adventure'})"
0.11009174311926606,"frozenset({'Action', 'Adventure', 'NotPopularTop25'})"
0.08256880733944955,"frozenset({'Action', 'Adventure', 'Science Fiction'})"
0.1651376146788991,"frozenset({'HighRating', 'Action', 'HighBudget'})"
0.2018348623853211,"frozenset({'HighRevenue', 'Action', 'HighBudget'})"
0.19724770642201836,"frozenset({'Action', 'LongRuntime', 'HighBudget'})"
0.1559633027522936,"frozenset({'Action', 'NonSummerRelease', 'HighBudget'})"
0.16055045871559634,"frozenset({'Action', 'NotPopularTop25', 'HighBudget'})"
0.11009174311926606,"frozenset({'Action', 'Science Fiction', 'HighBudget'})"
0.07339449541284404,"frozenset({'Action', 'Thriller', 'HighBudget'})"
0.1743119266055046,"frozenset({'HighRating', 'Action', 'HighRevenue'})"
0.16972477064220184,"frozenset({'HighRating', 'Action', 'LongRuntime'})"
0.1559633027522936,"frozenset({'HighRating', 'Action', 'NonSummerRelease'})"
0.16972477064220184,"frozenset({'HighRating', 'Action', 'NotPopularTop25'})"
0.08256880733944955,"frozenset({'HighRating', 'Action', 'Science Fiction'})"
0.20642201834862386,"frozenset({'HighRevenue', 'Action', 'LongRuntime'})"
0.1651376146788991,"frozenset({'HighRevenue', 'Action', 'NonSummerRelease'})"
0.1743119266055046,"frozenset({'HighRevenue', 'Action', 'NotPopularTop25'})"
0.11009174311926606,"frozenset({'HighRevenue', 'Action', 'Science Fiction'})"
0.0779816513761468,"frozenset({'HighRevenue', 'Action', 'Thriller'})"
0.0779816513761468,"frozenset({'Action', 'LowRating', 'LongRuntime'})"
0.1743119266055046,"frozenset({'Action', 'NonSummerRelease', 'LongRuntime'})"
0.17889908256880735,"frozenset({'Action', 'LongRuntime', 'NotPopularTop25'})"
0.10091743119266056,"frozenset({'Action', 'LongRuntime', 'Science Fiction'})"
0.07339449541284404,"frozenset({'SummerRelease', 'Action', 'LongRuntime'})"
0.08256880733944955,"frozenset({'Action', 'Thriller', 'LongRuntime'})"
0.13302752293577982,"frozenset({'LowBudget', 'Action', 'LowRating'})"
0.14678899082568808,"frozenset({'LowBudget', 'Action', 'LowRevenue'})"
0.13302752293577982,"frozenset({'LowBudget', 'Action', 'NonSummerRelease'})"
0.11009174311926606,"frozenset({'LowBudget', 'Action', 'NotPopularTop25'})"
0.12385321100917432,"frozenset({'LowBudget', 'Action', 'ShortRuntime'})"
0.08256880733944955,"frozenset({'LowBudget', 'Action', 'Thriller'})"
0.12844036697247707,"frozenset({'Action', 'LowRevenue', 'LowRating'})"
0.13302752293577982,"frozenset({'Action', 'NonSummerRelease', 'LowRating'})"
0.10091743119266056,"frozenset({'Action', 'LowRating', 'NotPopularTop25'})"
0.08256880733944955,"frozenset({'PopularTop25', 'Action', 'LowRating'})"
0.10550458715596331,"frozenset({'ShortRuntime', 'Action', 'LowRating'})"
0.0871559633027523,"frozenset({'Action', 'Thriller', 'LowRating'})"
0.12385321100917432,"frozenset({'NonSummerRelease', 'Action', 'LowRevenue'})"
0.0963302752293578,"frozenset({'Action', 'LowRevenue', 'NotPopularTop25'})"
0.11926605504587157,"frozenset({'Action', 'LowRevenue', 'ShortRuntime'})"
0.0779816513761468,"frozenset({'Thriller', 'Action', 'LowRevenue'})"
0.2018348623853211,"frozenset({'Action', 'NonSummerRelease', 'NotPopularTop25'})"
0.0871559633027523,"frozenset({'Action', 'NonSummerRelease', 'PopularTop25'})"
0.10091743119266056,"frozenset({'Action', 'NonSummerRelease', 'Science Fiction'})"
0.11467889908256881,"frozenset({'Action', 'NonSummerRelease', 'ShortRuntime'})"
0.11009174311926606,"frozenset({'Thriller', 'Action', 'NonSummerRelease'})"
0.0963302752293578,"frozenset({'Action', 'NotPopularTop25', 'Science Fiction'})"
0.09174311926605505,"frozenset({'Action', 'ShortRuntime', 'NotPopularTop25'})"
0.0871559633027523,"frozenset({'Action', 'Thriller', 'NotPopularTop25'})"
0.07339449541284404,"frozenset({'Action', 'Thriller', 'ShortRuntime'})"
0.16055045871559634,"frozenset({'HighRating', 'HighBudget', 'Adventure'})"
0.19724770642201836,"frozenset({'HighRevenue', 'HighBudget', 'Adventure'})"
0.15137614678899083,"frozenset({'HighBudget', 'Adventure', 'LongRuntime'})"
0.1834862385321101,"frozenset({'HighBudget', 'NonSummerRelease', 'Adventure'})"
0.16055045871559634,"frozenset({'HighBudget', 'Adventure', 'NotPopularTop25'})"
0.11467889908256881,"frozenset({'HighBudget', 'Adventure', 'Science Fiction'})"
0.16055045871559634,"frozenset({'HighRating', 'HighRevenue', 'Adventure'})"
0.12844036697247707,"frozenset({'HighRating', 'Adventure', 'LongRuntime'})"
0.14220183486238533,"frozenset({'HighRating', 'NonSummerRelease', 'Adventure'})"
0.14220183486238533,"frozenset({'HighRating', 'Adventure', 'NotPopularTop25'})"
0.0779816513761468,"frozenset({'HighRating', 'Adventure', 'Science Fiction'})"
0.1559633027522936,"frozenset({'HighRevenue', 'Adventure', 'LongRuntime'})"
0.1651376146788991,"frozenset({'HighRevenue', 'NonSummerRelease', 'Adventure'})"
0.16055045871559634,"frozenset({'HighRevenue', 'Adventure', 'NotPopularTop25'})"
0.0963302752293578,"frozenset({'HighRevenue', 'Adventure', 'Science Fiction'})"
0.12385321100917432,"frozenset({'NonSummerRelease', 'Adventure', 'LongRuntime'})"
0.14220183486238533,"frozenset({'LongRuntime', 'Adventure', 'NotPopularTop25'})"
0.09174311926605505,"frozenset({'LongRuntime', 'Adventure', 'Science Fiction'})"
0.14678899082568808,"frozenset({'NonSummerRelease', 'Adventure', 'NotPopularTop25'})"
0.10550458715596331,"frozenset({'NonSummerRelease', 'Adventure', 'Science Fiction'})"
0.08256880733944955,"frozenset({'ShortRuntime', 'NonSummerRelease', 'Adventure'})"
0.08256880733944955,"frozenset({'NotPopularTop25', 'Adventure', 'Science Fiction'})"
0.07339449541284404,"frozenset({'HighRating', 'HighBudget', 'Animation'})"
0.0779816513761468,"frozenset({'HighRevenue', 'HighBudget', 'Animation'})"
0.0779816513761468,"frozenset({'HighRevenue', 'HighRating', 'Animation'})"
0.0779816513761468,"frozenset({'HighRevenue', 'HighBudget', 'Comedy'})"
0.0779816513761468,"frozenset({'HighRating', 'NonSummerRelease', 'Comedy'})"
0.0779816513761468,"frozenset({'HighRating', 'Comedy', 'NotPopularTop25'})"
0.0871559633027523,"frozenset({'LowBudget', 'LowRating', 'Comedy'})"
0.11009174311926606,"frozenset({'Comedy', 'LowRevenue', 'LowBudget'})"
0.11926605504587157,"frozenset({'NonSummerRelease', 'Comedy', 'LowBudget'})"
0.11926605504587157,"frozenset({'LowBudget', 'Comedy', 'NotPopularTop25'})"
0.0871559633027523,"frozenset({'LowBudget', 'Comedy', 'ShortRuntime'})"
0.0779816513761468,"frozenset({'Comedy', 'LowRating', 'LowRevenue'})"
0.0963302752293578,"frozenset({'NonSummerRelease', 'LowRating', 'Comedy'})"
0.09174311926605505,"frozenset({'LowRating', 'Comedy', 'NotPopularTop25'})"
0.0871559633027523,"frozenset({'LowRating', 'Comedy', 'ShortRuntime'})"
0.10550458715596331,"frozenset({'Comedy', 'LowRevenue', 'NonSummerRelease'})"
0.10550458715596331,"frozenset({'Comedy', 'LowRevenue', 'NotPopularTop25'})"
0.08256880733944955,"frozenset({'Comedy', 'LowRevenue', 'ShortRuntime'})"
0.14220183486238533,"frozenset({'NonSummerRelease', 'Comedy', 'NotPopularTop25'})"
0.10550458715596331,"frozenset({'NonSummerRelease', 'Comedy', 'ShortRuntime'})"
0.11009174311926606,"frozenset({'Comedy', 'ShortRuntime', 'NotPopularTop25'})"
0.08256880733944955,"frozenset({'HighBudget', 'Drama', 'LongRuntime'})"
0.0871559633027523,"frozenset({'HighRating', 'HighRevenue', 'Drama'})"
0.11467889908256881,"frozenset({'HighRating', 'Drama', 'LongRuntime'})"
0.07339449541284404,"frozenset({'HighRating', 'LowBudget', 'Drama'})"
0.10550458715596331,"frozenset({'HighRating', 'NonSummerRelease', 'Drama'})"
0.11009174311926606,"frozenset({'HighRating', 'Drama', 'NotPopularTop25'})"
0.10550458715596331,"frozenset({'HighRevenue', 'Drama', 'LongRuntime'})"
0.08256880733944955,"frozenset({'HighRevenue', 'NonSummerRelease', 'Drama'})"
0.0779816513761468,"frozenset({'HighRevenue', 'Drama', 'NotPopularTop25'})"
0.11467889908256881,"frozenset({'LowBudget', 'Drama', 'LongRuntime'})"
0.08256880733944955,"frozenset({'LowRating', 'Drama', 'LongRuntime'})"
0.09174311926605505,"frozenset({'LowRevenue', 'Drama', 'LongRuntime'})"
0.15137614678899083,"frozenset({'NonSummerRelease', 'Drama', 'LongRuntime'})"
0.1559633027522936,"frozenset({'LongRuntime', 'Drama', 'NotPopularTop25'})"
0.11467889908256881,"frozenset({'LowBudget', 'LowRating', 'Drama'})"
0.15137614678899083,"frozenset({'LowBudget', 'LowRevenue', 'Drama'})"
0.1559633027522936,"frozenset({'LowBudget', 'NonSummerRelease', 'Drama'})"
0.1651376146788991,"frozenset({'LowBudget', 'Drama', 'NotPopularTop25'})"
0.07339449541284404,"frozenset({'Drama', 'LowBudget', 'ShortRuntime'})"
0.11926605504587157,"frozenset({'LowRating', 'LowRevenue', 'Drama'})"
0.11926605504587157,"frozenset({'LowRating', 'NonSummerRelease', 'Drama'})"
0.11009174311926606,"frozenset({'LowRating', 'Drama', 'NotPopularTop25'})"
0.14220183486238533,"frozenset({'NonSummerRelease', 'LowRevenue', 'Drama'})"
0.14220183486238533,"frozenset({'LowRevenue', 'Drama', 'NotPopularTop25'})"
0.07339449541284404,"frozenset({'ShortRuntime', 'LowRevenue', 'Drama'})"
0.1834862385321101,"frozenset({'NonSummerRelease', 'Drama', 'NotPopularTop25'})"
0.07339449541284404,"frozenset({'Drama', 'NonSummerRelease', 'ShortRuntime'})"
0.09174311926605505,"frozenset({'HighRating', 'HighBudget', 'Fantasy'})"
0.10550458715596331,"frozenset({'HighRevenue', 'HighBudget', 'Fantasy'})"
0.07339449541284404,"frozenset({'HighBudget', 'Fantasy', 'LongRuntime'})"
0.07339449541284404,"frozenset({'NonSummerRelease', 'HighBudget', 'Fantasy'})"
0.07339449541284404,"frozenset({'HighBudget', 'Fantasy', 'NotPopularTop25'})"
0.0963302752293578,"frozenset({'HighRating', 'Fantasy', 'HighRevenue'})"
0.0779816513761468,"frozenset({'HighRating', 'Fantasy', 'LongRuntime'})"
0.07339449541284404,"frozenset({'HighRating', 'NonSummerRelease', 'Fantasy'})"
0.0779816513761468,"frozenset({'HighRating', 'Fantasy', 'NotPopularTop25'})"
0.07339449541284404,"frozenset({'HighRevenue', 'Fantasy', 'LongRuntime'})"
0.08256880733944955,"frozenset({'HighRevenue', 'NonSummerRelease', 'Fantasy'})"
0.0871559633027523,"frozenset({'HighRevenue', 'Fantasy', 'NotPopularTop25'})"
0.07339449541284404,"frozenset({'Fantasy', 'LongRuntime', 'NotPopularTop25'})"
0.09174311926605505,"frozenset({'NonSummerRelease', 'Fantasy', 'NotPopularTop25'})"
0.2981651376146789,"frozenset({'HighRating', 'HighBudget', 'HighRevenue'})"
0.2706422018348624,"frozenset({'HighRating', 'HighBudget', 'LongRuntime'})"
0.23853211009174313,"frozenset({'HighRating', 'HighBudget', 'NonSummerRelease'})"
0.23394495412844038,"frozenset({'HighRating', 'HighBudget', 'NotPopularTop25'})"
0.0871559633027523,"frozenset({'HighRating', 'HighBudget', 'PopularTop25'})"
0.11009174311926606,"frozenset({'HighRating', 'HighBudget', 'Science Fiction'})"
0.08256880733944955,"frozenset({'HighRating', 'SummerRelease', 'HighBudget'})"
0.08256880733944955,"frozenset({'HighRating', 'HighBudget', 'Thriller'})"
0.3211009174311927,"frozenset({'HighRevenue', 'HighBudget', 'LongRuntime'})"
0.14220183486238533,"frozenset({'HighRevenue', 'LowRating', 'HighBudget'})"
0.3348623853211009,"frozenset({'HighRevenue', 'HighBudget', 'NonSummerRelease'})"
0.3073394495412844,"frozenset({'HighRevenue', 'HighBudget', 'NotPopularTop25'})"
0.13302752293577982,"frozenset({'HighRevenue', 'HighBudget', 'PopularTop25'})"
0.13302752293577982,"frozenset({'HighRevenue', 'HighBudget', 'Science Fiction'})"
0.11926605504587157,"frozenset({'HighRevenue', 'HighBudget', 'ShortRuntime'})"
0.10550458715596331,"frozenset({'SummerRelease', 'HighBudget', 'HighRevenue'})"
0.13302752293577982,"frozenset({'HighRevenue', 'HighBudget', 'Thriller'})"
0.08256880733944955,"frozenset({'LowRating', 'LongRuntime', 'HighBudget'})"
0.27522935779816515,"frozenset({'HighBudget', 'NonSummerRelease', 'LongRuntime'})"
0.26605504587155965,"frozenset({'HighBudget', 'LongRuntime', 'NotPopularTop25'})"
0.0871559633027523,"frozenset({'HighBudget', 'PopularTop25', 'LongRuntime'})"
0.12844036697247707,"frozenset({'HighBudget', 'LongRuntime', 'Science Fiction'})"
0.0779816513761468,"frozenset({'SummerRelease', 'HighBudget', 'LongRuntime'})"
0.11926605504587157,"frozenset({'HighBudget', 'Thriller', 'LongRuntime'})"
0.1559633027522936,"frozenset({'LowRating', 'NonSummerRelease', 'HighBudget'})"
0.0963302752293578,"frozenset({'LowRating', 'NotPopularTop25', 'HighBudget'})"
0.08256880733944955,"frozenset({'LowRating', 'PopularTop25', 'HighBudget'})"
0.0963302752293578,"frozenset({'LowRating', 'ShortRuntime', 'HighBudget'})"
0.0871559633027523,"frozenset({'LowRating', 'Thriller', 'HighBudget'})"
0.25688073394495414,"frozenset({'HighBudget', 'NonSummerRelease', 'NotPopularTop25'})"
0.13761467889908258,"frozenset({'HighBudget', 'NonSummerRelease', 'PopularTop25'})"
0.13302752293577982,"frozenset({'HighBudget', 'NonSummerRelease', 'Science Fiction'})"
0.11926605504587157,"frozenset({'HighBudget', 'NonSummerRelease', 'ShortRuntime'})"
0.14678899082568808,"frozenset({'Thriller', 'HighBudget', 'NonSummerRelease'})"
0.11009174311926606,"frozenset({'HighBudget', 'NotPopularTop25', 'Science Fiction'})"
0.07339449541284404,"frozenset({'SummerRelease', 'HighBudget', 'NotPopularTop25'})"
0.10091743119266056,"frozenset({'HighBudget', 'Thriller', 'NotPopularTop25'})"
0.08256880733944955,"frozenset({'ShortRuntime', 'HighBudget', 'PopularTop25'})"
0.2889908256880734,"frozenset({'HighRating', 'HighRevenue', 'LongRuntime'})"
0.25229357798165136,"frozenset({'HighRating', 'NonSummerRelease', 'HighRevenue'})"
0.26605504587155965,"frozenset({'HighRating', 'HighRevenue', 'NotPopularTop25'})"
0.0779816513761468,"frozenset({'HighRating', 'HighRevenue', 'PopularTop25'})"
0.10550458715596331,"frozenset({'HighRating', 'HighRevenue', 'Science Fiction'})"
0.09174311926605505,"frozenset({'HighRating', 'SummerRelease', 'HighRevenue'})"
0.0871559633027523,"frozenset({'HighRating', 'Thriller', 'HighRevenue'})"
0.26146788990825687,"frozenset({'HighRating', 'NonSummerRelease', 'LongRuntime'})"
0.2706422018348624,"frozenset({'HighRating', 'LongRuntime', 'NotPopularTop25'})"
0.11009174311926606,"frozenset({'HighRating', 'LongRuntime', 'Science Fiction'})"
0.0779816513761468,"frozenset({'HighRating', 'SummerRelease', 'LongRuntime'})"
0.11467889908256881,"frozenset({'HighRating', 'Thriller', 'LongRuntime'})"
0.07339449541284404,"frozenset({'HighRating', 'LowBudget', 'LowRevenue'})"
0.09174311926605505,"frozenset({'HighRating', 'LowBudget', 'NonSummerRelease'})"
0.10550458715596331,"frozenset({'HighRating', 'LowBudget', 'NotPopularTop25'})"
0.0779816513761468,"frozenset({'HighRating', 'NonSummerRelease', 'LowRevenue'})"
0.07339449541284404,"frozenset({'HighRating', 'LowRevenue', 'NotPopularTop25'})"
0.25688073394495414,"frozenset({'HighRating', 'NonSummerRelease', 'NotPopularTop25'})"
0.07339449541284404,"frozenset({'HighRating', 'NonSummerRelease', 'PopularTop25'})"
0.0963302752293578,"frozenset({'HighRating', 'NonSummerRelease', 'Science Fiction'})"
0.0963302752293578,"frozenset({'HighRating', 'Thriller', 'NonSummerRelease'})"
0.09174311926605505,"frozenset({'HighRating', 'NotPopularTop25', 'Science Fiction'})"
0.08256880733944955,"frozenset({'HighRating', 'SummerRelease', 'NotPopularTop25'})"
0.0963302752293578,"frozenset({'HighRating', 'Thriller', 'NotPopularTop25'})"
0.08256880733944955,"frozenset({'HighRevenue', 'LowRating', 'LongRuntime'})"
0.28440366972477066,"frozenset({'HighRevenue', 'NonSummerRelease', 'LongRuntime'})"
0.29357798165137616,"frozenset({'HighRevenue', 'LongRuntime', 'NotPopularTop25'})"
0.0779816513761468,"frozenset({'HighRevenue', 'PopularTop25', 'LongRuntime'})"
0.12844036697247707,"frozenset({'HighRevenue', 'LongRuntime', 'Science Fiction'})"
0.0871559633027523,"frozenset({'HighRevenue', 'SummerRelease', 'LongRuntime'})"
0.12844036697247707,"frozenset({'HighRevenue', 'Thriller', 'LongRuntime'})"
0.13761467889908258,"frozenset({'HighRevenue', 'LowRating', 'NonSummerRelease'})"
0.10091743119266056,"frozenset({'HighRevenue', 'LowRating', 'NotPopularTop25'})"
0.08256880733944955,"frozenset({'HighRevenue', 'LowRating', 'ShortRuntime'})"
0.0779816513761468,"frozenset({'HighRevenue', 'LowRating', 'Thriller'})"
0.28440366972477066,"frozenset({'HighRevenue', 'NonSummerRelease', 'NotPopularTop25'})"
0.10550458715596331,"frozenset({'HighRevenue', 'NonSummerRelease', 'PopularTop25'})"
0.10550458715596331,"frozenset({'HighRevenue', 'NonSummerRelease', 'Science Fiction'})"
0.10550458715596331,"frozenset({'HighRevenue', 'NonSummerRelease', 'ShortRuntime'})"
0.13302752293577982,"frozenset({'HighRevenue', 'Thriller', 'NonSummerRelease'})"
0.10091743119266056,"frozenset({'HighRevenue', 'NotPopularTop25', 'Science Fiction'})"
0.07339449541284404,"frozenset({'HighRevenue', 'ShortRuntime', 'NotPopularTop25'})"
0.08256880733944955,"frozenset({'HighRevenue', 'SummerRelease', 'NotPopularTop25'})"
0.11467889908256881,"frozenset({'HighRevenue', 'Thriller', 'NotPopularTop25'})"
0.08256880733944955,"frozenset({'Horror', 'LowRating', 'LowBudget'})"
0.0779816513761468,"frozenset({'LowBudget', 'Horror', 'LowRevenue'})"
0.07339449541284404,"frozenset({'LowBudget', 'Horror', 'NotPopularTop25'})"
0.08256880733944955,"frozenset({'LowBudget', 'Horror', 'ShortRuntime'})"
0.0779816513761468,"frozenset({'Horror', 'LowRating', 'LowRevenue'})"
0.11467889908256881,"frozenset({'Horror', 'LowRating', 'NonSummerRelease'})"
0.0963302752293578,"frozenset({'Horror', 'LowRating', 'NotPopularTop25'})"
0.11467889908256881,"frozenset({'Horror', 'LowRating', 'ShortRuntime'})"
0.0779816513761468,"frozenset({'NonSummerRelease', 'Horror', 'LowRevenue'})"
0.0779816513761468,"frozenset({'Horror', 'LowRevenue', 'ShortRuntime'})"
0.0779816513761468,"frozenset({'Horror', 'NonSummerRelease', 'NotPopularTop25'})"
0.10091743119266056,"frozenset({'Horror', 'NonSummerRelease', 'ShortRuntime'})"
0.0779816513761468,"frozenset({'Horror', 'ShortRuntime', 'NotPopularTop25'})"
0.08256880733944955,"frozenset({'LowBudget', 'LowRating', 'LongRuntime'})"
0.10091743119266056,"frozenset({'LowBudget', 'LowRevenue', 'LongRuntime'})"
0.11009174311926606,"frozenset({'LowBudget', 'NonSummerRelease', 'LongRuntime'})"
0.12385321100917432,"frozenset({'LowBudget', 'LongRuntime', 'NotPopularTop25'})"
0.08256880733944955,"frozenset({'LowRating', 'LowRevenue', 'LongRuntime'})"
0.12385321100917432,"frozenset({'LowRating', 'NonSummerRelease', 'LongRuntime'})"
0.11926605504587157,"frozenset({'LowRating', 'LongRuntime', 'NotPopularTop25'})"
0.10091743119266056,"frozenset({'NonSummerRelease', 'LowRevenue', 'LongRuntime'})"
0.0963302752293578,"frozenset({'LowRevenue', 'LongRuntime', 'NotPopularTop25'})"
0.29357798165137616,"frozenset({'NonSummerRelease', 'LongRuntime', 'NotPopularTop25'})"
0.09174311926605505,"frozenset({'NonSummerRelease', 'PopularTop25', 'LongRuntime'})"
0.10550458715596331,"frozenset({'NonSummerRelease', 'LongRuntime', 'Science Fiction'})"
0.11926605504587157,"frozenset({'Thriller', 'NonSummerRelease', 'LongRuntime'})"
0.10550458715596331,"frozenset({'LongRuntime', 'NotPopularTop25', 'Science Fiction'})"
0.0963302752293578,"frozenset({'SummerRelease', 'LongRuntime', 'NotPopularTop25'})"
0.11467889908256881,"frozenset({'Thriller', 'LongRuntime', 'NotPopularTop25'})"
0.3577981651376147,"frozenset({'LowBudget', 'LowRating', 'LowRevenue'})"
0.3119266055045872,"frozenset({'LowBudget', 'LowRating', 'NonSummerRelease'})"
0.3119266055045872,"frozenset({'LowBudget', 'LowRating', 'NotPopularTop25'})"
0.2981651376146789,"frozenset({'LowBudget', 'LowRating', 'ShortRuntime'})"
0.12385321100917432,"frozenset({'LowBudget', 'LowRating', 'Thriller'})"
0.3486238532110092,"frozenset({'NonSummerRelease', 'LowRevenue', 'LowBudget'})"
0.3577981651376147,"frozenset({'LowBudget', 'LowRevenue', 'NotPopularTop25'})"
0.07339449541284404,"frozenset({'LowBudget', 'LowRevenue', 'PopularTop25'})"
0.3302752293577982,"frozenset({'LowBudget', 'LowRevenue', 'ShortRuntime'})"
0.08256880733944955,"frozenset({'LowBudget', 'SummerRelease', 'LowRevenue'})"
0.13761467889908258,"frozenset({'Thriller', 'LowRevenue', 'LowBudget'})"
0.3440366972477064,"frozenset({'LowBudget', 'NonSummerRelease', 'NotPopularTop25'})"
0.29357798165137616,"frozenset({'LowBudget', 'NonSummerRelease', 'ShortRuntime'})"
0.11009174311926606,"frozenset({'Thriller', 'NonSummerRelease', 'LowBudget'})"
0.29357798165137616,"frozenset({'LowBudget', 'ShortRuntime', 'NotPopularTop25'})"
0.07339449541284404,"frozenset({'LowBudget', 'SummerRelease', 'NotPopularTop25'})"
0.11926605504587157,"frozenset({'LowBudget', 'Thriller', 'NotPopularTop25'})"
0.12385321100917432,"frozenset({'LowBudget', 'Thriller', 'ShortRuntime'})"
0.3302752293577982,"frozenset({'NonSummerRelease', 'LowRating', 'LowRevenue'})"
0.3073394495412844,"frozenset({'LowRating', 'LowRevenue', 'NotPopularTop25'})"
0.0871559633027523,"frozenset({'LowRating', 'LowRevenue', 'PopularTop25'})"
0.3119266055045872,"frozenset({'LowRating', 'LowRevenue', 'ShortRuntime'})"
0.13302752293577982,"frozenset({'Thriller', 'LowRating', 'LowRevenue'})"
0.0871559633027523,"frozenset({'NonSummerRelease', 'LowRating', 'Mystery'})"
0.08256880733944955,"frozenset({'LowRating', 'Mystery', 'ShortRuntime'})"
0.3440366972477064,"frozenset({'LowRating', 'NonSummerRelease', 'NotPopularTop25'})"
0.12385321100917432,"frozenset({'LowRating', 'NonSummerRelease', 'PopularTop25'})"
0.0779816513761468,"frozenset({'LowRating', 'NonSummerRelease', 'Science Fiction'})"
0.3440366972477064,"frozenset({'LowRating', 'NonSummerRelease', 'ShortRuntime'})"
0.16055045871559634,"frozenset({'Thriller', 'LowRating', 'NonSummerRelease'})"
0.2889908256880734,"frozenset({'LowRating', 'ShortRuntime', 'NotPopularTop25'})"
0.12385321100917432,"frozenset({'LowRating', 'Thriller', 'NotPopularTop25'})"
0.10550458715596331,"frozenset({'PopularTop25', 'LowRating', 'ShortRuntime'})"
0.0871559633027523,"frozenset({'LowRating', 'Thriller', 'PopularTop25'})"
0.07339449541284404,"frozenset({'LowRating', 'ShortRuntime', 'Science Fiction'})"
0.16055045871559634,"frozenset({'LowRating', 'Thriller', 'ShortRuntime'})"
0.3165137614678899,"frozenset({'NonSummerRelease', 'LowRevenue', 'NotPopularTop25'})"
0.09174311926605505,"frozenset({'NonSummerRelease', 'LowRevenue', 'PopularTop25'})"
0.3073394495412844,"frozenset({'NonSummerRelease', 'LowRevenue', 'ShortRuntime'})"
0.12385321100917432,"frozenset({'NonSummerRelease', 'LowRevenue', 'Thriller'})"
0.28440366972477066,"frozenset({'LowRevenue', 'ShortRuntime', 'NotPopularTop25'})"
0.10550458715596331,"frozenset({'Thriller', 'LowRevenue', 'NotPopularTop25'})"
0.07339449541284404,"frozenset({'ShortRuntime', 'LowRevenue', 'PopularTop25'})"
0.13761467889908258,"frozenset({'Thriller', 'LowRevenue', 'ShortRuntime'})"
0.07339449541284404,"frozenset({'NonSummerRelease', 'Mystery', 'ShortRuntime'})"
0.0871559633027523,"frozenset({'NonSummerRelease', 'Romance', 'NotPopularTop25'})"
0.10550458715596331,"frozenset({'NonSummerRelease', 'NotPopularTop25', 'Science Fiction'})"
0.3073394495412844,"frozenset({'NonSummerRelease', 'ShortRuntime', 'NotPopularTop25'})"
0.16055045871559634,"frozenset({'NonSummerRelease', 'Thriller', 'NotPopularTop25'})"
0.10550458715596331,"frozenset({'PopularTop25', 'NonSummerRelease', 'ShortRuntime'})"
0.0963302752293578,"frozenset({'Thriller', 'NonSummerRelease', 'PopularTop25'})"
0.13761467889908258,"frozenset({'Thriller', 'NonSummerRelease', 'ShortRuntime'})"
0.10550458715596331,"frozenset({'Thriller', 'ShortRuntime', 'NotPopularTop25'})"
0.10550458715596331,"frozenset({'HighRating', 'Action', 'Adventure', 'HighBudget'})"
0.12385321100917432,"frozenset({'HighRevenue', 'Action', 'Adventure', 'HighBudget'})"
0.11926605504587157,"frozenset({'Action', 'LongRuntime', 'Adventure', 'HighBudget'})"
0.09174311926605505,"frozenset({'Action', 'NonSummerRelease', 'Adventure', 'HighBudget'})"
0.10091743119266056,"frozenset({'HighBudget', 'Action', 'Adventure', 'NotPopularTop25'})"
0.0779816513761468,"frozenset({'Action', 'Science Fiction', 'Adventure', 'HighBudget'})"
0.10550458715596331,"frozenset({'HighRating', 'Action', 'HighRevenue', 'Adventure'})"
0.10091743119266056,"frozenset({'HighRating', 'Action', 'Adventure', 'LongRuntime'})"
0.09174311926605505,"frozenset({'HighRating', 'Action', 'NonSummerRelease', 'Adventure'})"
0.0963302752293578,"frozenset({'HighRating', 'Action', 'Adventure', 'NotPopularTop25'})"
0.12385321100917432,"frozenset({'HighRevenue', 'Action', 'Adventure', 'LongRuntime'})"
0.0963302752293578,"frozenset({'HighRevenue', 'Action', 'NonSummerRelease', 'Adventure'})"
0.10550458715596331,"frozenset({'HighRevenue', 'Action', 'Adventure', 'NotPopularTop25'})"
0.08256880733944955,"frozenset({'HighRevenue', 'Action', 'Adventure', 'Science Fiction'})"
0.09174311926605505,"frozenset({'Action', 'NonSummerRelease', 'Adventure', 'LongRuntime'})"
0.11009174311926606,"frozenset({'Action', 'LongRuntime', 'Adventure', 'NotPopularTop25'})"
0.0779816513761468,"frozenset({'Action', 'Science Fiction', 'Adventure', 'LongRuntime'})"
0.08256880733944955,"frozenset({'Action', 'NonSummerRelease', 'Adventure', 'NotPopularTop25'})"
0.16055045871559634,"frozenset({'HighRating', 'Action', 'HighRevenue', 'HighBudget'})"
0.16055045871559634,"frozenset({'HighRating', 'Action', 'LongRuntime', 'HighBudget'})"
0.12385321100917432,"frozenset({'HighRating', 'Action', 'NonSummerRelease', 'HighBudget'})"
0.13761467889908258,"frozenset({'HighRating', 'Action', 'NotPopularTop25', 'HighBudget'})"
0.08256880733944955,"frozenset({'HighRating', 'Action', 'Science Fiction', 'HighBudget'})"
0.18807339449541285,"frozenset({'HighRevenue', 'Action', 'LongRuntime', 'HighBudget'})"
0.14220183486238533,"frozenset({'HighRevenue', 'Action', 'NonSummerRelease', 'HighBudget'})"
0.1559633027522936,"frozenset({'HighRevenue', 'Action', 'NotPopularTop25', 'HighBudget'})"
0.10550458715596331,"frozenset({'HighRevenue', 'Action', 'Science Fiction', 'HighBudget'})"
0.14220183486238533,"frozenset({'Action', 'NonSummerRelease', 'LongRuntime', 'HighBudget'})"
0.15137614678899083,"frozenset({'Action', 'LongRuntime', 'NotPopularTop25', 'HighBudget'})"
0.0963302752293578,"frozenset({'Action', 'Science Fiction', 'LongRuntime', 'HighBudget'})"
0.11467889908256881,"frozenset({'Action', 'NonSummerRelease', 'NotPopularTop25', 'HighBudget'})"
0.08256880733944955,"frozenset({'Science Fiction', 'Action', 'NonSummerRelease', 'HighBudget'})"
0.08256880733944955,"frozenset({'Action', 'Science Fiction', 'NotPopularTop25', 'HighBudget'})"
0.1651376146788991,"frozenset({'HighRating', 'Action', 'HighRevenue', 'LongRuntime'})"
0.12844036697247707,"frozenset({'HighRating', 'NonSummerRelease', 'Action', 'HighRevenue'})"
0.14678899082568808,"frozenset({'HighRating', 'Action', 'HighRevenue', 'NotPopularTop25'})"
0.08256880733944955,"frozenset({'HighRating', 'Action', 'HighRevenue', 'Science Fiction'})"
0.12385321100917432,"frozenset({'HighRating', 'Action', 'NonSummerRelease', 'LongRuntime'})"
0.14220183486238533,"frozenset({'HighRating', 'Action', 'LongRuntime', 'NotPopularTop25'})"
0.0779816513761468,"frozenset({'HighRating', 'Action', 'LongRuntime', 'Science Fiction'})"
0.12844036697247707,"frozenset({'HighRating', 'Action', 'NonSummerRelease', 'NotPopularTop25'})"
0.07339449541284404,"frozenset({'HighRating', 'Action', 'NotPopularTop25', 'Science Fiction'})"
0.14678899082568808,"frozenset({'HighRevenue', 'Action', 'NonSummerRelease', 'LongRuntime'})"
0.16055045871559634,"frozenset({'HighRevenue', 'Action', 'LongRuntime', 'NotPopularTop25'})"
0.10091743119266056,"frozenset({'HighRevenue', 'Action', 'LongRuntime', 'Science Fiction'})"
0.07339449541284404,"frozenset({'HighRevenue', 'Action', 'Thriller', 'LongRuntime'})"
0.12844036697247707,"frozenset({'HighRevenue', 'Action', 'NonSummerRelease', 'NotPopularTop25'})"
0.08256880733944955,"frozenset({'HighRevenue', 'Action', 'NonSummerRelease', 'Science Fiction'})"
0.08256880733944955,"frozenset({'HighRevenue', 'Action', 'NotPopularTop25', 'Science Fiction'})"
0.12844036697247707,"frozenset({'Action', 'NonSummerRelease', 'LongRuntime', 'NotPopularTop25'})"
0.07339449541284404,"frozenset({'Action', 'NonSummerRelease', 'LongRuntime', 'Science Fiction'})"
0.08256880733944955,"frozenset({'Action', 'LongRuntime', 'NotPopularTop25', 'Science Fiction'})"
0.11926605504587157,"frozenset({'LowBudget', 'Action', 'LowRevenue', 'LowRating'})"
0.10091743119266056,"frozenset({'LowBudget', 'Action', 'NonSummerRelease', 'LowRating'})"
0.0779816513761468,"frozenset({'LowBudget', 'Action', 'LowRating', 'NotPopularTop25'})"
0.09174311926605505,"frozenset({'ShortRuntime', 'LowBudget', 'Action', 'LowRating'})"
0.11009174311926606,"frozenset({'NonSummerRelease', 'Action', 'LowRevenue', 'LowBudget'})"
0.09174311926605505,"frozenset({'LowBudget', 'Action', 'LowRevenue', 'NotPopularTop25'})"
0.11467889908256881,"frozenset({'LowBudget', 'Action', 'LowRevenue', 'ShortRuntime'})"
0.07339449541284404,"frozenset({'Thriller', 'Action', 'LowRevenue', 'LowBudget'})"
0.0871559633027523,"frozenset({'LowBudget', 'Action', 'NonSummerRelease', 'NotPopularTop25'})"
0.10091743119266056,"frozenset({'LowBudget', 'Action', 'NonSummerRelease', 'ShortRuntime'})"
0.08256880733944955,"frozenset({'LowBudget', 'Action', 'ShortRuntime', 'NotPopularTop25'})"
0.0963302752293578,"frozenset({'Action', 'NonSummerRelease', 'LowRevenue', 'LowRating'})"
0.07339449541284404,"frozenset({'Action', 'LowRevenue', 'LowRating', 'NotPopularTop25'})"
0.09174311926605505,"frozenset({'ShortRuntime', 'Action', 'LowRevenue', 'LowRating'})"
0.07339449541284404,"frozenset({'Action', 'NonSummerRelease', 'LowRating', 'NotPopularTop25'})"
0.08256880733944955,"frozenset({'ShortRuntime', 'Action', 'NonSummerRelease', 'LowRating'})"
0.07339449541284404,"frozenset({'NonSummerRelease', 'Action', 'LowRevenue', 'NotPopularTop25'})"
0.0963302752293578,"frozenset({'NonSummerRelease', 'Action', 'LowRevenue', 'ShortRuntime'})"
0.0779816513761468,"frozenset({'Action', 'LowRevenue', 'ShortRuntime', 'NotPopularTop25'})"
0.07339449541284404,"frozenset({'Action', 'NonSummerRelease', 'ShortRuntime', 'NotPopularTop25'})"
0.16055045871559634,"frozenset({'HighRating', 'HighBudget', 'HighRevenue', 'Adventure'})"
0.12844036697247707,"frozenset({'HighRating', 'HighBudget', 'Adventure', 'LongRuntime'})"
0.13761467889908258,"frozenset({'HighRating', 'HighBudget', 'NonSummerRelease', 'Adventure'})"
0.14220183486238533,"frozenset({'HighRating', 'HighBudget', 'Adventure', 'NotPopularTop25'})"
0.0779816513761468,"frozenset({'HighRating', 'HighBudget', 'Adventure', 'Science Fiction'})"
0.15137614678899083,"frozenset({'HighRevenue', 'HighBudget', 'Adventure', 'LongRuntime'})"
0.16055045871559634,"frozenset({'HighRevenue', 'HighBudget', 'NonSummerRelease', 'Adventure'})"
0.1559633027522936,"frozenset({'HighRevenue', 'HighBudget', 'Adventure', 'NotPopularTop25'})"
0.09174311926605505,"frozenset({'HighRevenue', 'HighBudget', 'Adventure', 'Science Fiction'})"
0.11926605504587157,"frozenset({'HighBudget', 'NonSummerRelease', 'Adventure', 'LongRuntime'})"
0.12844036697247707,"frozenset({'HighBudget', 'LongRuntime', 'Adventure', 'NotPopularTop25'})"
0.0871559633027523,"frozenset({'HighBudget', 'LongRuntime', 'Adventure', 'Science Fiction'})"
0.13302752293577982,"frozenset({'HighBudget', 'NonSummerRelease', 'Adventure', 'NotPopularTop25'})"
0.09174311926605505,"frozenset({'HighBudget', 'NonSummerRelease', 'Adventure', 'Science Fiction'})"
0.07339449541284404,"frozenset({'HighBudget', 'NotPopularTop25', 'Adventure', 'Science Fiction'})"
0.12844036697247707,"frozenset({'HighRating', 'HighRevenue', 'Adventure', 'LongRuntime'})"
0.13761467889908258,"frozenset({'HighRating', 'NonSummerRelease', 'HighRevenue', 'Adventure'})"
0.14220183486238533,"frozenset({'HighRating', 'HighRevenue', 'Adventure', 'NotPopularTop25'})"
0.0779816513761468,"frozenset({'HighRating', 'HighRevenue', 'Adventure', 'Science Fiction'})"
0.11009174311926606,"frozenset({'HighRating', 'NonSummerRelease', 'Adventure', 'LongRuntime'})"
0.11926605504587157,"frozenset({'HighRating', 'LongRuntime', 'Adventure', 'NotPopularTop25'})"
0.07339449541284404,"frozenset({'HighRating', 'LongRuntime', 'Adventure', 'Science Fiction'})"
0.11926605504587157,"frozenset({'HighRating', 'NonSummerRelease', 'Adventure', 'NotPopularTop25'})"
0.12385321100917432,"frozenset({'HighRevenue', 'NonSummerRelease', 'Adventure', 'LongRuntime'})"
0.13302752293577982,"frozenset({'HighRevenue', 'LongRuntime', 'Adventure', 'NotPopularTop25'})"
0.09174311926605505,"frozenset({'HighRevenue', 'LongRuntime', 'Adventure', 'Science Fiction'})"
0.13302752293577982,"frozenset({'HighRevenue', 'NonSummerRelease', 'Adventure', 'NotPopularTop25'})"
0.07339449541284404,"frozenset({'HighRevenue', 'NonSummerRelease', 'Adventure', 'Science Fiction'})"
0.07339449541284404,"frozenset({'HighRevenue', 'NotPopularTop25', 'Adventure', 'Science Fiction'})"
0.11009174311926606,"frozenset({'NonSummerRelease', 'LongRuntime', 'Adventure', 'NotPopularTop25'})"
0.07339449541284404,"frozenset({'NotPopularTop25', 'LongRuntime', 'Adventure', 'Science Fiction'})"
0.07339449541284404,"frozenset({'HighRevenue', 'HighRating', 'HighBudget', 'Animation'})"
0.0779816513761468,"frozenset({'Comedy', 'LowRating', 'LowRevenue', 'LowBudget'})"
0.0779816513761468,"frozenset({'NonSummerRelease', 'LowRating', 'Comedy', 'LowBudget'})"
0.0779816513761468,"frozenset({'LowBudget', 'LowRating', 'Comedy', 'NotPopularTop25'})"
0.0963302752293578,"frozenset({'Comedy', 'LowRevenue', 'NonSummerRelease', 'LowBudget'})"
0.10091743119266056,"frozenset({'Comedy', 'LowRevenue', 'LowBudget', 'NotPopularTop25'})"
0.08256880733944955,"frozenset({'Comedy', 'LowRevenue', 'ShortRuntime', 'LowBudget'})"
0.10550458715596331,"frozenset({'NonSummerRelease', 'Comedy', 'LowBudget', 'NotPopularTop25'})"
0.07339449541284404,"frozenset({'NonSummerRelease', 'Comedy', 'ShortRuntime', 'LowBudget'})"
0.08256880733944955,"frozenset({'LowBudget', 'Comedy', 'ShortRuntime', 'NotPopularTop25'})"
0.07339449541284404,"frozenset({'Comedy', 'LowRating', 'LowRevenue', 'NotPopularTop25'})"
0.0779816513761468,"frozenset({'NonSummerRelease', 'LowRating', 'Comedy', 'NotPopularTop25'})"
0.07339449541284404,"frozenset({'NonSummerRelease', 'LowRating', 'Comedy', 'ShortRuntime'})"
0.0779816513761468,"frozenset({'LowRating', 'Comedy', 'ShortRuntime', 'NotPopularTop25'})"
0.09174311926605505,"frozenset({'Comedy', 'LowRevenue', 'NonSummerRelease', 'NotPopularTop25'})"
0.0779816513761468,"frozenset({'Comedy', 'LowRevenue', 'ShortRuntime', 'NotPopularTop25'})"
0.0871559633027523,"frozenset({'NonSummerRelease', 'Comedy', 'ShortRuntime', 'NotPopularTop25'})"
0.0871559633027523,"frozenset({'HighRating', 'HighRevenue', 'Drama', 'LongRuntime'})"
0.0871559633027523,"frozenset({'HighRating', 'NonSummerRelease', 'Drama', 'LongRuntime'})"
0.09174311926605505,"frozenset({'HighRating', 'LongRuntime', 'Drama', 'NotPopularTop25'})"
0.0871559633027523,"frozenset({'HighRating', 'NonSummerRelease', 'Drama', 'NotPopularTop25'})"
0.08256880733944955,"frozenset({'HighRevenue', 'NonSummerRelease', 'Drama', 'LongRuntime'})"
0.0779816513761468,"frozenset({'HighRevenue', 'LongRuntime', 'Drama', 'NotPopularTop25'})"
0.0779816513761468,"frozenset({'LowBudget', 'LowRevenue', 'Drama', 'LongRuntime'})"
0.08256880733944955,"frozenset({'LowBudget', 'NonSummerRelease', 'Drama', 'LongRuntime'})"
0.10091743119266056,"frozenset({'LowBudget', 'LongRuntime', 'Drama', 'NotPopularTop25'})"
0.0779816513761468,"frozenset({'LowRevenue', 'LongRuntime', 'Drama', 'NotPopularTop25'})"
0.11926605504587157,"frozenset({'NonSummerRelease', 'LongRuntime', 'Drama', 'NotPopularTop25'})"
0.11009174311926606,"frozenset({'LowBudget', 'LowRating', 'LowRevenue', 'Drama'})"
0.10091743119266056,"frozenset({'LowBudget', 'LowRating', 'NonSummerRelease', 'Drama'})"
0.0963302752293578,"frozenset({'LowBudget', 'LowRating', 'Drama', 'NotPopularTop25'})"
0.12844036697247707,"frozenset({'NonSummerRelease', 'LowRevenue', 'Drama', 'LowBudget'})"
0.13761467889908258,"frozenset({'LowBudget', 'LowRevenue', 'Drama', 'NotPopularTop25'})"
0.07339449541284404,"frozenset({'Drama', 'LowRevenue', 'ShortRuntime', 'LowBudget'})"
0.13761467889908258,"frozenset({'LowBudget', 'NonSummerRelease', 'Drama', 'NotPopularTop25'})"
0.07339449541284404,"frozenset({'Drama', 'NonSummerRelease', 'ShortRuntime', 'LowBudget'})"
0.10550458715596331,"frozenset({'NonSummerRelease', 'LowRating', 'LowRevenue', 'Drama'})"
0.10091743119266056,"frozenset({'LowRating', 'LowRevenue', 'Drama', 'NotPopularTop25'})"
0.0963302752293578,"frozenset({'LowRating', 'NonSummerRelease', 'Drama', 'NotPopularTop25'})"
0.11926605504587157,"frozenset({'NonSummerRelease', 'LowRevenue', 'Drama', 'NotPopularTop25'})"
0.07339449541284404,"frozenset({'NonSummerRelease', 'ShortRuntime', 'LowRevenue', 'Drama'})"
0.0871559633027523,"frozenset({'HighRating', 'HighBudget', 'Fantasy', 'HighRevenue'})"
0.07339449541284404,"frozenset({'HighRevenue', 'HighBudget', 'Fantasy', 'NotPopularTop25'})"
0.07339449541284404,"frozenset({'HighRevenue', 'NonSummerRelease', 'Fantasy', 'NotPopularTop25'})"
0.24770642201834864,"frozenset({'HighRating', 'HighBudget', 'HighRevenue', 'LongRuntime'})"
0.21559633027522937,"frozenset({'HighRating', 'NonSummerRelease', 'HighBudget', 'HighRevenue'})"
0.22477064220183487,"frozenset({'HighRating', 'HighBudget', 'HighRevenue', 'NotPopularTop25'})"
0.07339449541284404,"frozenset({'HighRating', 'HighBudget', 'HighRevenue', 'PopularTop25'})"
0.10550458715596331,"frozenset({'HighRating', 'HighBudget', 'HighRevenue', 'Science Fiction'})"
0.08256880733944955,"frozenset({'HighRating', 'SummerRelease', 'HighRevenue', 'HighBudget'})"
0.21100917431192662,"frozenset({'HighRating', 'HighBudget', 'NonSummerRelease', 'LongRuntime'})"
0.21100917431192662,"frozenset({'HighRating', 'HighBudget', 'LongRuntime', 'NotPopularTop25'})"
0.10550458715596331,"frozenset({'HighRating', 'HighBudget', 'LongRuntime', 'Science Fiction'})"
0.08256880733944955,"frozenset({'HighRating', 'HighBudget', 'Thriller', 'LongRuntime'})"
0.1743119266055046,"frozenset({'HighRating', 'HighBudget', 'NonSummerRelease', 'NotPopularTop25'})"
0.09174311926605505,"frozenset({'HighRating', 'HighBudget', 'NonSummerRelease', 'Science Fiction'})"
0.09174311926605505,"frozenset({'HighRating', 'HighBudget', 'NotPopularTop25', 'Science Fiction'})"
0.07339449541284404,"frozenset({'HighRevenue', 'LowRating', 'LongRuntime', 'HighBudget'})"
0.24311926605504589,"frozenset({'HighRevenue', 'HighBudget', 'NonSummerRelease', 'LongRuntime'})"
0.25229357798165136,"frozenset({'HighRevenue', 'HighBudget', 'LongRuntime', 'NotPopularTop25'})"
0.12385321100917432,"frozenset({'HighRevenue', 'HighBudget', 'LongRuntime', 'Science Fiction'})"
0.0779816513761468,"frozenset({'SummerRelease', 'HighBudget', 'HighRevenue', 'LongRuntime'})"
0.10091743119266056,"frozenset({'HighRevenue', 'HighBudget', 'Thriller', 'LongRuntime'})"
0.11926605504587157,"frozenset({'HighRevenue', 'LowRating', 'NonSummerRelease', 'HighBudget'})"
0.08256880733944955,"frozenset({'HighRevenue', 'LowRating', 'NotPopularTop25', 'HighBudget'})"
0.23394495412844038,"frozenset({'HighRevenue', 'HighBudget', 'NonSummerRelease', 'NotPopularTop25'})"
0.10091743119266056,"frozenset({'HighRevenue', 'HighBudget', 'NonSummerRelease', 'PopularTop25'})"
0.10091743119266056,"frozenset({'HighRevenue', 'HighBudget', 'NonSummerRelease', 'Science Fiction'})"
0.09174311926605505,"frozenset({'HighRevenue', 'HighBudget', 'NonSummerRelease', 'ShortRuntime'})"
0.11009174311926606,"frozenset({'HighRevenue', 'Thriller', 'HighBudget', 'NonSummerRelease'})"
0.0963302752293578,"frozenset({'HighRevenue', 'HighBudget', 'NotPopularTop25', 'Science Fiction'})"
0.07339449541284404,"frozenset({'SummerRelease', 'HighBudget', 'HighRevenue', 'NotPopularTop25'})"
0.09174311926605505,"frozenset({'HighRevenue', 'HighBudget', 'Thriller', 'NotPopularTop25'})"
0.2018348623853211,"frozenset({'HighBudget', 'NonSummerRelease', 'LongRuntime', 'NotPopularTop25'})"
0.07339449541284404,"frozenset({'HighBudget', 'NonSummerRelease', 'PopularTop25', 'LongRuntime'})"
0.0963302752293578,"frozenset({'HighBudget', 'NonSummerRelease', 'LongRuntime', 'Science Fiction'})"
0.0963302752293578,"frozenset({'Thriller', 'HighBudget', 'NonSummerRelease', 'LongRuntime'})"
0.10091743119266056,"frozenset({'HighBudget', 'LongRuntime', 'NotPopularTop25', 'Science Fiction'})"
0.0779816513761468,"frozenset({'HighBudget', 'Thriller', 'LongRuntime', 'NotPopularTop25'})"
0.08256880733944955,"frozenset({'LowRating', 'NonSummerRelease', 'NotPopularTop25', 'HighBudget'})"
0.07339449541284404,"frozenset({'LowRating', 'NonSummerRelease', 'PopularTop25', 'HighBudget'})"
0.09174311926605505,"frozenset({'LowRating', 'NonSummerRelease', 'ShortRuntime', 'HighBudget'})"
0.0779816513761468,"frozenset({'Thriller', 'LowRating', 'NonSummerRelease', 'HighBudget'})"
0.08256880733944955,"frozenset({'HighBudget', 'NonSummerRelease', 'NotPopularTop25', 'Science Fiction'})"
0.08256880733944955,"frozenset({'NonSummerRelease', 'HighBudget', 'Thriller', 'NotPopularTop25'})"
0.22018348623853212,"frozenset({'HighRating', 'NonSummerRelease', 'HighRevenue', 'LongRuntime'})"
0.23853211009174313,"frozenset({'HighRating', 'HighRevenue', 'LongRuntime', 'NotPopularTop25'})"
0.10091743119266056,"frozenset({'HighRating', 'HighRevenue', 'LongRuntime', 'Science Fiction'})"
0.0871559633027523,"frozenset({'HighRating', 'Thriller', 'HighRevenue', 'LongRuntime'})"
0.2018348623853211,"frozenset({'HighRating', 'NonSummerRelease', 'HighRevenue', 'NotPopularTop25'})"
0.0871559633027523,"frozenset({'HighRating', 'NonSummerRelease', 'HighRevenue', 'Science Fiction'})"
0.0871559633027523,"frozenset({'HighRating', 'HighRevenue', 'NotPopularTop25', 'Science Fiction'})"
0.2018348623853211,"frozenset({'HighRating', 'NonSummerRelease', 'LongRuntime', 'NotPopularTop25'})"
0.09174311926605505,"frozenset({'HighRating', 'NonSummerRelease', 'LongRuntime', 'Science Fiction'})"
0.0871559633027523,"frozenset({'HighRating', 'Thriller', 'NonSummerRelease', 'LongRuntime'})"
0.09174311926605505,"frozenset({'HighRating', 'LongRuntime', 'NotPopularTop25', 'Science Fiction'})"
0.08256880733944955,"frozenset({'HighRating', 'Thriller', 'LongRuntime', 'NotPopularTop25'})"
0.08256880733944955,"frozenset({'HighRating', 'LowBudget', 'NonSummerRelease', 'NotPopularTop25'})"
0.07339449541284404,"frozenset({'HighRating', 'NonSummerRelease', 'NotPopularTop25', 'Science Fiction'})"
0.22477064220183487,"frozenset({'HighRevenue', 'NonSummerRelease', 'LongRuntime', 'NotPopularTop25'})"
0.0963302752293578,"frozenset({'HighRevenue', 'NonSummerRelease', 'LongRuntime', 'Science Fiction'})"
0.10091743119266056,"frozenset({'HighRevenue', 'Thriller', 'NonSummerRelease', 'LongRuntime'})"
0.10091743119266056,"frozenset({'HighRevenue', 'LongRuntime', 'NotPopularTop25', 'Science Fiction'})"
0.0871559633027523,"frozenset({'HighRevenue', 'Thriller', 'LongRuntime', 'NotPopularTop25'})"
0.08256880733944955,"frozenset({'HighRevenue', 'LowRating', 'NonSummerRelease', 'NotPopularTop25'})"
0.07339449541284404,"frozenset({'HighRevenue', 'LowRating', 'NonSummerRelease', 'ShortRuntime'})"
0.07339449541284404,"frozenset({'HighRevenue', 'NonSummerRelease', 'NotPopularTop25', 'Science Fiction'})"
0.09174311926605505,"frozenset({'HighRevenue', 'NonSummerRelease', 'Thriller', 'NotPopularTop25'})"
0.0779816513761468,"frozenset({'Horror', 'LowRating', 'LowRevenue', 'LowBudget'})"
0.07339449541284404,"frozenset({'Horror', 'LowRating', 'LowBudget', 'NotPopularTop25'})"
0.08256880733944955,"frozenset({'Horror', 'LowRating', 'LowBudget', 'ShortRuntime'})"
0.0779816513761468,"frozenset({'LowBudget', 'Horror', 'LowRevenue', 'ShortRuntime'})"
0.07339449541284404,"frozenset({'LowBudget', 'Horror', 'ShortRuntime', 'NotPopularTop25'})"
0.0779816513761468,"frozenset({'Horror', 'LowRating', 'LowRevenue', 'ShortRuntime'})"
0.0779816513761468,"frozenset({'Horror', 'LowRating', 'NonSummerRelease', 'NotPopularTop25'})"
0.10091743119266056,"frozenset({'Horror', 'LowRating', 'NonSummerRelease', 'ShortRuntime'})"
0.0779816513761468,"frozenset({'Horror', 'LowRating', 'ShortRuntime', 'NotPopularTop25'})"
0.07339449541284404,"frozenset({'LowBudget', 'LowRating', 'LowRevenue', 'LongRuntime'})"
0.08256880733944955,"frozenset({'LowBudget', 'LowRevenue', 'LongRuntime', 'NotPopularTop25'})"
0.09174311926605505,"frozenset({'LowBudget', 'NonSummerRelease', 'LongRuntime', 'NotPopularTop25'})"
0.09174311926605505,"frozenset({'LowRating', 'NonSummerRelease', 'LongRuntime', 'NotPopularTop25'})"
0.0779816513761468,"frozenset({'NonSummerRelease', 'LongRuntime', 'NotPopularTop25', 'Science Fiction'})"
0.0779816513761468,"frozenset({'NonSummerRelease', 'Thriller', 'LongRuntime', 'NotPopularTop25'})"
0.29357798165137616,"frozenset({'NonSummerRelease', 'LowRating', 'LowRevenue', 'LowBudget'})"
0.29357798165137616,"frozenset({'LowBudget', 'LowRating', 'LowRevenue', 'NotPopularTop25'})"
0.28440366972477066,"frozenset({'LowBudget', 'LowRating', 'LowRevenue', 'ShortRuntime'})"
0.11467889908256881,"frozenset({'Thriller', 'LowRating', 'LowRevenue', 'LowBudget'})"
0.26146788990825687,"frozenset({'LowBudget', 'LowRating', 'NonSummerRelease', 'NotPopularTop25'})"
0.25229357798165136,"frozenset({'LowBudget', 'LowRating', 'NonSummerRelease', 'ShortRuntime'})"
0.08256880733944955,"frozenset({'Thriller', 'LowRating', 'NonSummerRelease', 'LowBudget'})"
0.24770642201834864,"frozenset({'LowBudget', 'LowRating', 'ShortRuntime', 'NotPopularTop25'})"
0.0779816513761468,"frozenset({'LowBudget', 'LowRating', 'Thriller', 'NotPopularTop25'})"
0.11009174311926606,"frozenset({'LowBudget', 'LowRating', 'Thriller', 'ShortRuntime'})"
0.29357798165137616,"frozenset({'NonSummerRelease', 'LowRevenue', 'LowBudget', 'NotPopularTop25'})"
0.2798165137614679,"frozenset({'NonSummerRelease', 'LowRevenue', 'ShortRuntime', 'LowBudget'})"
0.0871559633027523,"frozenset({'NonSummerRelease', 'LowRevenue', 'LowBudget', 'Thriller'})"
0.27522935779816515,"frozenset({'LowBudget', 'LowRevenue', 'ShortRuntime', 'NotPopularTop25'})"
0.0963302752293578,"frozenset({'Thriller', 'LowRevenue', 'LowBudget', 'NotPopularTop25'})"
0.11926605504587157,"frozenset({'Thriller', 'LowRevenue', 'ShortRuntime', 'LowBudget'})"
0.25229357798165136,"frozenset({'LowBudget', 'NonSummerRelease', 'ShortRuntime', 'NotPopularTop25'})"
0.0779816513761468,"frozenset({'NonSummerRelease', 'Thriller', 'LowBudget', 'NotPopularTop25'})"
0.0871559633027523,"frozenset({'Thriller', 'NonSummerRelease', 'ShortRuntime', 'LowBudget'})"
0.08256880733944955,"frozenset({'LowBudget', 'Thriller', 'ShortRuntime', 'NotPopularTop25'})"
0.26146788990825687,"frozenset({'NonSummerRelease', 'LowRating', 'LowRevenue', 'NotPopularTop25'})"
0.2706422018348624,"frozenset({'NonSummerRelease', 'LowRating', 'LowRevenue', 'ShortRuntime'})"
0.0963302752293578,"frozenset({'NonSummerRelease', 'LowRating', 'LowRevenue', 'Thriller'})"
0.24311926605504589,"frozenset({'LowRating', 'LowRevenue', 'ShortRuntime', 'NotPopularTop25'})"
0.07339449541284404,"frozenset({'Thriller', 'LowRating', 'LowRevenue', 'NotPopularTop25'})"
0.12385321100917432,"frozenset({'Thriller', 'LowRating', 'LowRevenue', 'ShortRuntime'})"
0.25229357798165136,"frozenset({'LowRating', 'NonSummerRelease', 'ShortRuntime', 'NotPopularTop25'})"
0.09174311926605505,"frozenset({'NonSummerRelease', 'LowRating', 'Thriller', 'NotPopularTop25'})"
0.09174311926605505,"frozenset({'PopularTop25', 'LowRating', 'NonSummerRelease', 'ShortRuntime'})"
0.12844036697247707,"frozenset({'Thriller', 'LowRating', 'NonSummerRelease', 'ShortRuntime'})"
0.09174311926605505,"frozenset({'LowRating', 'Thriller', 'ShortRuntime', 'NotPopularTop25'})"
0.24770642201834864,"frozenset({'NonSummerRelease', 'LowRevenue', 'ShortRuntime', 'NotPopularTop25'})"
0.10550458715596331,"frozenset({'NonSummerRelease', 'LowRevenue', 'ShortRuntime', 'Thriller'})"
0.0779816513761468,"frozenset({'Thriller', 'LowRevenue', 'ShortRuntime', 'NotPopularTop25'})"
0.08256880733944955,"frozenset({'NonSummerRelease', 'Thriller', 'ShortRuntime', 'NotPopularTop25'})"
0.10550458715596331,"frozenset({'HighRating', 'HighBudget', 'Action', 'Adventure', 'HighRevenue'})"
0.10091743119266056,"frozenset({'HighRating', 'HighBudget', 'LongRuntime', 'Action', 'Adventure'})"
0.0871559633027523,"frozenset({'HighRating', 'HighBudget', 'Action', 'Adventure', 'NonSummerRelease'})"
0.0963302752293578,"frozenset({'HighRating', 'HighBudget', 'Action', 'NotPopularTop25', 'Adventure'})"
0.11926605504587157,"frozenset({'HighBudget', 'LongRuntime', 'Action', 'Adventure', 'HighRevenue'})"
0.09174311926605505,"frozenset({'HighBudget', 'Action', 'Adventure', 'HighRevenue', 'NonSummerRelease'})"
0.10091743119266056,"frozenset({'HighBudget', 'Action', 'NotPopularTop25', 'Adventure', 'HighRevenue'})"
0.0779816513761468,"frozenset({'HighBudget', 'Action', 'Science Fiction', 'Adventure', 'HighRevenue'})"
0.0871559633027523,"frozenset({'HighBudget', 'LongRuntime', 'Action', 'Adventure', 'NonSummerRelease'})"
0.10091743119266056,"frozenset({'HighBudget', 'LongRuntime', 'Action', 'NotPopularTop25', 'Adventure'})"
0.07339449541284404,"frozenset({'HighBudget', 'LongRuntime', 'Action', 'Science Fiction', 'Adventure'})"
0.0779816513761468,"frozenset({'HighBudget', 'Action', 'NotPopularTop25', 'Adventure', 'NonSummerRelease'})"
0.10091743119266056,"frozenset({'HighRating', 'LongRuntime', 'Action', 'Adventure', 'HighRevenue'})"
0.0871559633027523,"frozenset({'HighRating', 'Action', 'Adventure', 'HighRevenue', 'NonSummerRelease'})"
0.0963302752293578,"frozenset({'HighRating', 'Action', 'NotPopularTop25', 'Adventure', 'HighRevenue'})"
0.08256880733944955,"frozenset({'HighRating', 'LongRuntime', 'Action', 'Adventure', 'NonSummerRelease'})"
0.0963302752293578,"frozenset({'HighRating', 'LongRuntime', 'Action', 'NotPopularTop25', 'Adventure'})"
0.0779816513761468,"frozenset({'HighRating', 'Action', 'NotPopularTop25', 'Adventure', 'NonSummerRelease'})"
0.09174311926605505,"frozenset({'LongRuntime', 'Action', 'Adventure', 'HighRevenue', 'NonSummerRelease'})"
0.10550458715596331,"frozenset({'LongRuntime', 'Action', 'NotPopularTop25', 'Adventure', 'HighRevenue'})"
0.0779816513761468,"frozenset({'LongRuntime', 'Action', 'Science Fiction', 'Adventure', 'HighRevenue'})"
0.08256880733944955,"frozenset({'Action', 'NotPopularTop25', 'Adventure', 'HighRevenue', 'NonSummerRelease'})"
0.08256880733944955,"frozenset({'LongRuntime', 'Action', 'NotPopularTop25', 'Adventure', 'NonSummerRelease'})"
0.1559633027522936,"frozenset({'HighRating', 'HighBudget', 'LongRuntime', 'Action', 'HighRevenue'})"
0.11926605504587157,"frozenset({'HighRating', 'HighBudget', 'Action', 'HighRevenue', 'NonSummerRelease'})"
0.13761467889908258,"frozenset({'HighRating', 'HighBudget', 'Action', 'NotPopularTop25', 'HighRevenue'})"
0.08256880733944955,"frozenset({'HighRating', 'HighBudget', 'Action', 'Science Fiction', 'HighRevenue'})"
0.11926605504587157,"frozenset({'HighRating', 'HighBudget', 'LongRuntime', 'Action', 'NonSummerRelease'})"
0.13761467889908258,"frozenset({'HighRating', 'HighBudget', 'LongRuntime', 'Action', 'NotPopularTop25'})"
0.0779816513761468,"frozenset({'HighRating', 'HighBudget', 'LongRuntime', 'Action', 'Science Fiction'})"
0.10091743119266056,"frozenset({'HighRating', 'HighBudget', 'Action', 'NotPopularTop25', 'NonSummerRelease'})"
0.07339449541284404,"frozenset({'HighRating', 'HighBudget', 'Action', 'Science Fiction', 'NotPopularTop25'})"
0.13302752293577982,"frozenset({'HighBudget', 'LongRuntime', 'Action', 'HighRevenue', 'NonSummerRelease'})"
0.15137614678899083,"frozenset({'HighBudget', 'LongRuntime', 'Action', 'NotPopularTop25', 'HighRevenue'})"
0.0963302752293578,"frozenset({'HighBudget', 'LongRuntime', 'Action', 'Science Fiction', 'HighRevenue'})"
0.11009174311926606,"frozenset({'HighBudget', 'Action', 'NotPopularTop25', 'HighRevenue', 'NonSummerRelease'})"
0.0779816513761468,"frozenset({'HighBudget', 'Action', 'Science Fiction', 'HighRevenue', 'NonSummerRelease'})"
0.0779816513761468,"frozenset({'HighBudget', 'Action', 'Science Fiction', 'NotPopularTop25', 'HighRevenue'})"
0.11009174311926606,"frozenset({'HighBudget', 'LongRuntime', 'Action', 'NotPopularTop25', 'NonSummerRelease'})"
0.0779816513761468,"frozenset({'HighBudget', 'LongRuntime', 'Action', 'Science Fiction', 'NotPopularTop25'})"
0.11926605504587157,"frozenset({'HighRating', 'LongRuntime', 'Action', 'HighRevenue', 'NonSummerRelease'})"
0.14220183486238533,"frozenset({'HighRating', 'LongRuntime', 'Action', 'NotPopularTop25', 'HighRevenue'})"
0.0779816513761468,"frozenset({'HighRating', 'LongRuntime', 'Action', 'Science Fiction', 'HighRevenue'})"
0.11009174311926606,"frozenset({'HighRating', 'Action', 'NotPopularTop25', 'HighRevenue', 'NonSummerRelease'})"
0.07339449541284404,"frozenset({'HighRating', 'Action', 'Science Fiction', 'NotPopularTop25', 'HighRevenue'})"
0.10550458715596331,"frozenset({'HighRating', 'LongRuntime', 'Action', 'NotPopularTop25', 'NonSummerRelease'})"
0.07339449541284404,"frozenset({'HighRating', 'LongRuntime', 'Action', 'Science Fiction', 'NotPopularTop25'})"
0.11926605504587157,"frozenset({'LongRuntime', 'Action', 'NotPopularTop25', 'HighRevenue', 'NonSummerRelease'})"
0.07339449541284404,"frozenset({'LongRuntime', 'Action', 'Science Fiction', 'HighRevenue', 'NonSummerRelease'})"
0.08256880733944955,"frozenset({'LongRuntime', 'Action', 'Science Fiction', 'NotPopularTop25', 'HighRevenue'})"
0.0871559633027523,"frozenset({'LowRevenue', 'Action', 'LowBudget', 'LowRating', 'NonSummerRelease'})"
0.0871559633027523,"frozenset({'LowRevenue', 'Action', 'ShortRuntime', 'LowBudget', 'LowRating'})"
0.07339449541284404,"frozenset({'Action', 'ShortRuntime', 'LowBudget', 'LowRating', 'NonSummerRelease'})"
0.09174311926605505,"frozenset({'LowRevenue', 'Action', 'ShortRuntime', 'LowBudget', 'NonSummerRelease'})"
0.07339449541284404,"frozenset({'LowRevenue', 'Action', 'ShortRuntime', 'NotPopularTop25', 'LowBudget'})"
0.07339449541284404,"frozenset({'LowRevenue', 'Action', 'ShortRuntime', 'LowRating', 'NonSummerRelease'})"
0.12844036697247707,"frozenset({'HighRating', 'HighBudget', 'LongRuntime', 'Adventure', 'HighRevenue'})"
0.13761467889908258,"frozenset({'HighRating', 'HighBudget', 'Adventure', 'HighRevenue', 'NonSummerRelease'})"
0.14220183486238533,"frozenset({'HighRating', 'HighBudget', 'NotPopularTop25', 'Adventure', 'HighRevenue'})"
0.0779816513761468,"frozenset({'HighRating', 'HighBudget', 'Science Fiction', 'Adventure', 'HighRevenue'})"
0.11009174311926606,"frozenset({'HighRating', 'HighBudget', 'LongRuntime', 'Adventure', 'NonSummerRelease'})"
0.11926605504587157,"frozenset({'HighRating', 'HighBudget', 'LongRuntime', 'NotPopularTop25', 'Adventure'})"
0.07339449541284404,"frozenset({'HighRating', 'HighBudget', 'LongRuntime', 'Science Fiction', 'Adventure'})"
0.11926605504587157,"frozenset({'HighRating', 'HighBudget', 'NotPopularTop25', 'Adventure', 'NonSummerRelease'})"
0.11926605504587157,"frozenset({'HighBudget', 'LongRuntime', 'Adventure', 'HighRevenue', 'NonSummerRelease'})"
0.12844036697247707,"frozenset({'HighBudget', 'LongRuntime', 'NotPopularTop25', 'Adventure', 'HighRevenue'})"
0.0871559633027523,"frozenset({'HighBudget', 'LongRuntime', 'Science Fiction', 'Adventure', 'HighRevenue'})"
0.12844036697247707,"frozenset({'HighBudget', 'NotPopularTop25', 'Adventure', 'HighRevenue', 'NonSummerRelease'})"
0.10550458715596331,"frozenset({'HighBudget', 'LongRuntime', 'NotPopularTop25', 'Adventure', 'NonSummerRelease'})"
0.11009174311926606,"frozenset({'HighRating', 'LongRuntime', 'Adventure', 'HighRevenue', 'NonSummerRelease'})"
0.11926605504587157,"frozenset({'HighRating', 'LongRuntime', 'NotPopularTop25', 'Adventure', 'HighRevenue'})"
0.07339449541284404,"frozenset({'HighRating', 'LongRuntime', 'Science Fiction', 'Adventure', 'HighRevenue'})"
0.11926605504587157,"frozenset({'HighRating', 'NotPopularTop25', 'Adventure', 'HighRevenue', 'NonSummerRelease'})"
0.10091743119266056,"frozenset({'HighRating', 'LongRuntime', 'NotPopularTop25', 'Adventure', 'NonSummerRelease'})"
0.11009174311926606,"frozenset({'LongRuntime', 'NotPopularTop25', 'Adventure', 'HighRevenue', 'NonSummerRelease'})"
0.07339449541284404,"frozenset({'LongRuntime', 'Science Fiction', 'NotPopularTop25', 'Adventure', 'HighRevenue'})"
0.07339449541284404,"frozenset({'LowRevenue', 'NotPopularTop25', 'Comedy', 'LowBudget', 'LowRating'})"
0.0871559633027523,"frozenset({'LowRevenue', 'NotPopularTop25', 'Comedy', 'LowBudget', 'NonSummerRelease'})"
0.0779816513761468,"frozenset({'LowRevenue', 'ShortRuntime', 'NotPopularTop25', 'Comedy', 'LowBudget'})"
0.07339449541284404,"frozenset({'LowRevenue', 'LongRuntime', 'NotPopularTop25', 'LowBudget', 'Drama'})"
0.07339449541284404,"frozenset({'LongRuntime', 'NotPopularTop25', 'LowBudget', 'NonSummerRelease', 'Drama'})"
0.0963302752293578,"frozenset({'LowRevenue', 'LowBudget', 'LowRating', 'NonSummerRelease', 'Drama'})"
0.0963302752293578,"frozenset({'LowRevenue', 'NotPopularTop25', 'LowBudget', 'LowRating', 'Drama'})"
0.08256880733944955,"frozenset({'NotPopularTop25', 'LowBudget', 'LowRating', 'NonSummerRelease', 'Drama'})"
0.11467889908256881,"frozenset({'LowRevenue', 'NotPopularTop25', 'LowBudget', 'NonSummerRelease', 'Drama'})"
0.07339449541284404,"frozenset({'LowRevenue', 'ShortRuntime', 'LowBudget', 'NonSummerRelease', 'Drama'})"
0.0871559633027523,"frozenset({'LowRevenue', 'NotPopularTop25', 'LowRating', 'NonSummerRelease', 'Drama'})"
0.18807339449541285,"frozenset({'HighRating', 'HighBudget', 'LongRuntime', 'HighRevenue', 'NonSummerRelease'})"
0.2018348623853211,"frozenset({'HighRating', 'HighBudget', 'LongRuntime', 'NotPopularTop25', 'HighRevenue'})"
0.10091743119266056,"frozenset({'HighRating', 'HighBudget', 'LongRuntime', 'Science Fiction', 'HighRevenue'})"
0.1651376146788991,"frozenset({'HighRating', 'HighBudget', 'NotPopularTop25', 'HighRevenue', 'NonSummerRelease'})"
0.0871559633027523,"frozenset({'HighRating', 'HighBudget', 'Science Fiction', 'HighRevenue', 'NonSummerRelease'})"
0.0871559633027523,"frozenset({'HighRating', 'HighBudget', 'Science Fiction', 'NotPopularTop25', 'HighRevenue'})"
0.1559633027522936,"frozenset({'HighRating', 'HighBudget', 'LongRuntime', 'NotPopularTop25', 'NonSummerRelease'})"
0.0871559633027523,"frozenset({'HighRating', 'HighBudget', 'LongRuntime', 'Science Fiction', 'NonSummerRelease'})"
0.09174311926605505,"frozenset({'HighRating', 'HighBudget', 'LongRuntime', 'Science Fiction', 'NotPopularTop25'})"
0.07339449541284404,"frozenset({'HighRating', 'HighBudget', 'Science Fiction', 'NotPopularTop25', 'NonSummerRelease'})"
0.18807339449541285,"frozenset({'HighBudget', 'LongRuntime', 'NotPopularTop25', 'HighRevenue', 'NonSummerRelease'})"
0.09174311926605505,"frozenset({'HighBudget', 'LongRuntime', 'Science Fiction', 'HighRevenue', 'NonSummerRelease'})"
0.0779816513761468,"frozenset({'NonSummerRelease', 'HighBudget', 'LongRuntime', 'HighRevenue', 'Thriller'})"
0.0963302752293578,"frozenset({'HighBudget', 'LongRuntime', 'Science Fiction', 'NotPopularTop25', 'HighRevenue'})"
0.07339449541284404,"frozenset({'NonSummerRelease', 'HighBudget', 'NotPopularTop25', 'HighRevenue', 'Thriller'})"
0.07339449541284404,"frozenset({'HighBudget', 'LongRuntime', 'Science Fiction', 'NotPopularTop25', 'NonSummerRelease'})"
0.17889908256880735,"frozenset({'HighRating', 'LongRuntime', 'NotPopularTop25', 'HighRevenue', 'NonSummerRelease'})"
0.08256880733944955,"frozenset({'HighRating', 'LongRuntime', 'Science Fiction', 'HighRevenue', 'NonSummerRelease'})"
0.0871559633027523,"frozenset({'HighRating', 'LongRuntime', 'Science Fiction', 'NotPopularTop25', 'HighRevenue'})"
0.07339449541284404,"frozenset({'HighRating', 'LongRuntime', 'Science Fiction', 'NotPopularTop25', 'NonSummerRelease'})"
0.07339449541284404,"frozenset({'LongRuntime', 'Science Fiction', 'NotPopularTop25', 'HighRevenue', 'NonSummerRelease'})"
0.0779816513761468,"frozenset({'LowRevenue', 'LowRating', 'ShortRuntime', 'LowBudget', 'Horror'})"
0.07339449541284404,"frozenset({'LowRating', 'ShortRuntime', 'NotPopularTop25', 'LowBudget', 'Horror'})"
0.24770642201834864,"frozenset({'LowRevenue', 'NotPopularTop25', 'LowBudget', 'LowRating', 'NonSummerRelease'})"
0.24311926605504589,"frozenset({'LowRevenue', 'ShortRuntime', 'LowBudget', 'LowRating', 'NonSummerRelease'})"
0.0779816513761468,"frozenset({'LowRevenue', 'Thriller', 'LowBudget', 'LowRating', 'NonSummerRelease'})"
0.23394495412844038,"frozenset({'LowRevenue', 'ShortRuntime', 'NotPopularTop25', 'LowBudget', 'LowRating'})"
0.07339449541284404,"frozenset({'LowRevenue', 'NotPopularTop25', 'LowBudget', 'LowRating', 'Thriller'})"
0.10550458715596331,"frozenset({'LowRevenue', 'ShortRuntime', 'LowBudget', 'LowRating', 'Thriller'})"
0.21559633027522937,"frozenset({'ShortRuntime', 'NotPopularTop25', 'LowBudget', 'LowRating', 'NonSummerRelease'})"
0.0779816513761468,"frozenset({'ShortRuntime', 'Thriller', 'LowBudget', 'LowRating', 'NonSummerRelease'})"
0.23853211009174313,"frozenset({'LowRevenue', 'ShortRuntime', 'NotPopularTop25', 'LowBudget', 'NonSummerRelease'})"
0.0871559633027523,"frozenset({'LowRevenue', 'ShortRuntime', 'Thriller', 'LowBudget', 'NonSummerRelease'})"
0.0779816513761468,"frozenset({'LowRevenue', 'ShortRuntime', 'NotPopularTop25', 'LowBudget', 'Thriller'})"
0.21559633027522937,"frozenset({'LowRevenue', 'ShortRuntime', 'NotPopularTop25', 'LowRating', 'NonSummerRelease'})"
0.0963302752293578,"frozenset({'LowRevenue', 'ShortRuntime', 'Thriller', 'LowRating', 'NonSummerRelease'})"
0.07339449541284404,"frozenset({'NonSummerRelease', 'ShortRuntime', 'NotPopularTop25', 'LowRating', 'Thriller'})"
0.10091743119266056,"frozenset({'HighRating', 'HighBudget', 'LongRuntime', 'Action', 'Adventure', 'HighRevenue'})"
0.0871559633027523,"frozenset({'HighRating', 'HighBudget', 'Action', 'Adventure', 'HighRevenue', 'NonSummerRelease'})"
0.0963302752293578,"frozenset({'HighRating', 'HighBudget', 'Action', 'NotPopularTop25', 'Adventure', 'HighRevenue'})"
0.08256880733944955,"frozenset({'HighRating', 'HighBudget', 'LongRuntime', 'Action', 'Adventure', 'NonSummerRelease'})"
0.0963302752293578,"frozenset({'HighRating', 'HighBudget', 'LongRuntime', 'Action', 'NotPopularTop25', 'Adventure'})"
0.0779816513761468,"frozenset({'HighRating', 'HighBudget', 'Action', 'NotPopularTop25', 'Adventure', 'NonSummerRelease'})"
0.0871559633027523,"frozenset({'HighBudget', 'LongRuntime', 'Action', 'Adventure', 'HighRevenue', 'NonSummerRelease'})"
0.10091743119266056,"frozenset({'HighBudget', 'LongRuntime', 'Action', 'NotPopularTop25', 'Adventure', 'HighRevenue'})"
0.07339449541284404,"frozenset({'HighBudget', 'LongRuntime', 'Action', 'Science Fiction', 'Adventure', 'HighRevenue'})"
0.0779816513761468,"frozenset({'HighBudget', 'Action', 'NotPopularTop25', 'Adventure', 'HighRevenue', 'NonSummerRelease'})"
0.0779816513761468,"frozenset({'HighBudget', 'LongRuntime', 'Action', 'NotPopularTop25', 'Adventure', 'NonSummerRelease'})"
0.08256880733944955,"frozenset({'HighRating', 'LongRuntime', 'Action', 'Adventure', 'HighRevenue', 'NonSummerRelease'})"
0.0963302752293578,"frozenset({'HighRating', 'LongRuntime', 'Action', 'NotPopularTop25', 'Adventure', 'HighRevenue'})"
0.0779816513761468,"frozenset({'HighRating', 'Action', 'NotPopularTop25', 'Adventure', 'HighRevenue', 'NonSummerRelease'})"
0.0779816513761468,"frozenset({'HighRating', 'LongRuntime', 'Action', 'NotPopularTop25', 'Adventure', 'NonSummerRelease'})"
0.08256880733944955,"frozenset({'LongRuntime', 'Action', 'NotPopularTop25', 'Adventure', 'HighRevenue', 'NonSummerRelease'})"
0.11467889908256881,"frozenset({'HighRating', 'HighBudget', 'LongRuntime', 'Action', 'HighRevenue', 'NonSummerRelease'})"
0.13761467889908258,"frozenset({'HighRating', 'HighBudget', 'LongRuntime', 'Action', 'NotPopularTop25', 'HighRevenue'})"
0.0779816513761468,"frozenset({'HighRating', 'HighBudget', 'LongRuntime', 'Action', 'Science Fiction', 'HighRevenue'})"
0.10091743119266056,"frozenset({'HighRating', 'HighBudget', 'Action', 'NotPopularTop25', 'HighRevenue', 'NonSummerRelease'})"
0.07339449541284404,"frozenset({'HighRating', 'HighBudget', 'Action', 'NotPopularTop25', 'Science Fiction', 'HighRevenue'})"
0.10091743119266056,"frozenset({'HighRating', 'HighBudget', 'LongRuntime', 'Action', 'NotPopularTop25', 'NonSummerRelease'})"
0.07339449541284404,"frozenset({'HighRating', 'HighBudget', 'LongRuntime', 'Action', 'NotPopularTop25', 'Science Fiction'})"
0.11009174311926606,"frozenset({'HighBudget', 'LongRuntime', 'Action', 'NotPopularTop25', 'HighRevenue', 'NonSummerRelease'})"
0.0779816513761468,"frozenset({'HighBudget', 'LongRuntime', 'Action', 'NotPopularTop25', 'Science Fiction', 'HighRevenue'})"
0.10550458715596331,"frozenset({'HighRating', 'LongRuntime', 'Action', 'NotPopularTop25', 'HighRevenue', 'NonSummerRelease'})"
0.07339449541284404,"frozenset({'HighRating', 'LongRuntime', 'Action', 'NotPopularTop25', 'Science Fiction', 'HighRevenue'})"
0.11009174311926606,"frozenset({'HighRating', 'HighBudget', 'LongRuntime', 'Adventure', 'HighRevenue', 'NonSummerRelease'})"
0.11926605504587157,"frozenset({'HighRating', 'HighBudget', 'LongRuntime', 'NotPopularTop25', 'Adventure', 'HighRevenue'})"
0.07339449541284404,"frozenset({'HighRating', 'HighBudget', 'LongRuntime', 'Science Fiction', 'Adventure', 'HighRevenue'})"
0.11926605504587157,"frozenset({'HighRating', 'HighBudget', 'NotPopularTop25', 'Adventure', 'HighRevenue', 'NonSummerRelease'})"
0.10091743119266056,"frozenset({'HighRating', 'HighBudget', 'LongRuntime', 'NotPopularTop25', 'Adventure', 'NonSummerRelease'})"
0.10550458715596331,"frozenset({'HighBudget', 'LongRuntime', 'NotPopularTop25', 'Adventure', 'HighRevenue', 'NonSummerRelease'})"
0.10091743119266056,"frozenset({'HighRating', 'LongRuntime', 'NotPopularTop25', 'Adventure', 'HighRevenue', 'NonSummerRelease'})"
0.08256880733944955,"frozenset({'LowRevenue', 'NotPopularTop25', 'LowBudget', 'LowRating', 'NonSummerRelease', 'Drama'})"
0.14678899082568808,"frozenset({'HighRating', 'HighBudget', 'LongRuntime', 'NotPopularTop25', 'HighRevenue', 'NonSummerRelease'})"
0.08256880733944955,"frozenset({'HighRating', 'HighBudget', 'LongRuntime', 'Science Fiction', 'HighRevenue', 'NonSummerRelease'})"
0.0871559633027523,"frozenset({'HighRating', 'HighBudget', 'LongRuntime', 'NotPopularTop25', 'Science Fiction', 'HighRevenue'})"
0.07339449541284404,"frozenset({'HighRating', 'HighBudget', 'LongRuntime', 'NotPopularTop25', 'Science Fiction', 'NonSummerRelease'})"
0.20642201834862386,"frozenset({'LowRevenue', 'ShortRuntime', 'NotPopularTop25', 'LowBudget', 'LowRating', 'NonSummerRelease'})"
0.0779816513761468,"frozenset({'LowRevenue', 'ShortRuntime', 'Thriller', 'LowBudget', 'LowRating', 'NonSummerRelease'})"
0.08256880733944955,"frozenset({'HighRating', 'HighBudget', 'LongRuntime', 'Action', 'Adventure', 'HighRevenue', 'NonSummerRelease'})"
0.0963302752293578,"frozenset({'HighRating', 'HighBudget', 'LongRuntime', 'Action', 'NotPopularTop25', 'Adventure', 'HighRevenue'})"
0.0779816513761468,"frozenset({'HighRating', 'HighBudget', 'Action', 'NotPopularTop25', 'Adventure', 'HighRevenue', 'NonSummerRelease'})"
0.0779816513761468,"frozenset({'HighRating', 'HighBudget', 'LongRuntime', 'Action', 'NotPopularTop25', 'Adventure', 'NonSummerRelease'})"
0.0779816513761468,"frozenset({'HighBudget', 'LongRuntime', 'Action', 'NotPopularTop25', 'Adventure', 'HighRevenue', 'NonSummerRelease'})"
0.0779816513761468,"frozenset({'HighRating', 'LongRuntime', 'Action', 'NotPopularTop25', 'Adventure', 'HighRevenue', 'NonSummerRelease'})"
0.10091743119266056,"frozenset({'HighRating', 'HighBudget', 'LongRuntime', 'Action', 'NotPopularTop25', 'HighRevenue', 'NonSummerRelease'})"
0.07339449541284404,"frozenset({'HighRating', 'HighBudget', 'LongRuntime', 'Action', 'NotPopularTop25', 'Science Fiction', 'HighRevenue'})"
0.10091743119266056,"frozenset({'HighRating', 'HighBudget', 'LongRuntime', 'NotPopularTop25', 'Adventure', 'HighRevenue', 'NonSummerRelease'})"
0.0779816513761468,"frozenset({'HighRating', 'HighBudget', 'LongRuntime', 'Action', 'NotPopularTop25', 'Adventure', 'HighRevenue', 'NonSummerRelease'})"
